" The customer does not exist in the system anymore.","مشتری مورد نظر دیگر در سیستم موجود نیست."
" You will need to navigate to your "," You will need to navigate to your "
" [deleted]"," [پاک شده]"
" and "," و "
" and go to the "," and go to the "
" sections for your Hosted Checkout Pages."," sections for your Hosted Checkout Pages."
"%s (Default Template from Locale)","%s (قالب پیش فرض از تنظیمات محلی)"
"%s cache type(s) disabled.","%s نوع کش(s) غیر فعال."
"%s cache type(s) enabled.","%s نوع کش(s) فعال."
"%s cache type(s) refreshed.","%s نوع کش(s) تجدید نظر."
"(For Type ""Local Server"" need to use relative path to Magento install var/export or var/import, e.g. var/export, var/import, var/export/some/dir, var/import/some/dir)","(For Type ""Local Server"" need to use relative path to Magento install var/export or var/import, e.g. var/export, var/import, var/export/some/dir, var/import/some/dir)"
"(For US 2-letter state names)","برای آمریکا از نام های دو حرفی استفاده کنید"
"(If left empty will be auto-generated)","(اگر این بخش خالی بماند به صورت خودکار ساخته خواهد شد)"
"(Leave empty for first spreadsheet)","(برای اولین صفحه گسترده خالی بگذارید)"
"(Products will be added/updated to this store if 'store' column is blank or missing in the import file.)","(اگر ستون 'store' خالی باشد یا در پرونده وارد شده نباشد محصولات به این فروشگاه افزوده/بروزرسالی خواهند شد.)"
"(Shift-)Click or drag to change value","برای تغییر مقدار (شیفت-) کلیک کنید یا بکشید"
"(Starting with)","(آغاز با)"
"(When 'No', only mapped fields will be imported. When mapping, use 'column1', 'column2', etc.)","(مانی که 'نه', تنها ترسیم شده های زمینه باید وار.د شوند. زمانی که ترسیم میشوند, استفاده شوداز 'ستون 1', 'ستون 2', سایر موارد)"
"(You have to increase php memory_limit before changing this value)","( شما باید php memory_limit را قبل از تغییر این مقدار افزایش دهید )"
"(\\t for tab)","(\\t برای tab)"
"* - If indexing is in progress, it will be killed and new indexing process will start","* - اگر فهرست‌سازی در حال انجام هست، متوقف خواهد شد و فهرست‌سازی جدیدی آغاز خواهد شد"
"* Required Fields","* Required Fields"
"- Click on any of the time parts to increase it","- روی هر کدام از بخش های زمانی برای افزایش آن کلیک کنید"
"- Hold mouse button on any of the above buttons for faster selection.","- دکمه‌ی موس را روی هر کدام از دکمه‌های بالا برای انتخاب سریعتر نگه‌دارید."
"- Use the %s buttons to select month","- از دکمه‌های %s برای انتخاب ماه استفاده کنید"
"- Use the %s, %s buttons to select year","- از دکمه‌های %s،%s برای انتخاب سال استفاده کنید"
"- or Shift-click to decrease it","- یا برای کاهش آن از Shift-click استفاده کنید"
"- or click and drag for faster selection.","- یا برای انتخاب سریعتر کلیک کنید و بکشید"
"-- Not Selected --","-- انتخاب نشده --"
"-- Please Select --","--لطفا انتخاب کنید--"
"-- Please Select Billing Agreement--","-- لطفا توافق نامه صورتحساب را انتخاب کنید--"
"-- Please Select a Category --","-- لطفا یک دسته را انتخاب کنید --"
"-- Please select --","-- لطفا انتخاب کنید --"
"--Please Select--","--لطفا انتخاب کنید--"
"1 Hour","ساعت ۱"
"1. set up","1. set up"
"12 Hours","ساعت ۱۲"
"12h AM/PM","س12  AM/PM"
"2 Hours","۲ ساعت"
"2. customize","2. customize"
"24 Hours","ساعت ۲۴"
"24h","۲۴س"
"2YTD","2YTD"
"6 Hours","6 ساعت"
"<h1 class=""page-heading"">404 Error</h1><p>Page not found.</p>","<h1 class=""page-heading"">خطای ۴۰۴</h1><p>صفحه مورد نظر پیدا نشد.</p>"
"<strong>%s</strong> request access to your account","<strong>%s</strong> request access to your account"
"<strong>Attention</strong>: Captcha is case sensitive.","<strong>Attention</strong>: Captcha is case sensitive."
"A user with the same user name or email aleady exists.","این کاربر با همان نام کاربری یا پست الکترونیکی وجود دارد."
"API Key","API Key"
"API Key Confirmation","کلید تایید API"
"ASCII","ASCII"
"Abandoned Carts","سبد خرید متروکه"
"About the calendar","درباره‌ی تقویم"
"Access Denied.","دسترسی ممنوع است."
"Access denied","دسترسی امکان پذیر نیست"
"Access denied.","دسترسی امکان پذیر نیست"
"Account Created in:","ایجاد حساب در :"
"Account Created on (%s):","ایجاد حساب در (%s):"
"Account Created on:","ایجاد حساب در :"
"Account Information","اطلاعات حساب"
"Account Status","وضعیت حساب"
"Account status","وضعیت حساب"
"Action","اقدام"
"Actions","اقدام های"
"Actions XML","اقدام های XML"
"Active","فعال"
"Add","افزودن"
"Add Exception","افزودن استثنا"
"Add Field Mapping","افزودن فیلد نقشه"
"Add Field with URL:","افزودن فیلد با URL:"
"Add New","Add New"
"Add New Image","اضافه کردن تصویر جدید"
"Add New Profile","افزودن پروفایل جدید"
"Add New Role","افزودن وظیفه جدید"
"Add New Template","افزودن قالب جدید"
"Add New URL Rewrite","افزودن Urlrewrite (بازنویسی آدرس) جدید"
"Add New User","افزودن کاربر جدید"
"Add New Variable","اضافه کردن متغیر های جدید"
"Add Products","اضافه کردن محصول"
"Add URL Rewrite","افزودن Urlrewrite"
"Add URL Rewrite for a Category","افزودن Urlrewrite برای یک دسته"
"Add URL Rewrite for a Product","افزودن Urlrewrite برای یک کالا"
"Add after","افزودن بعد از"
"Additional Cache Management","مدیریت مخزن های اضافی"
"Address Type:","نوع نشانی:"
"Admin","مدیر"
"Advanced Admin Section","بخش مدیریت پیشرفته"
"Advanced Profiles","پروفایل‌های پیشرفته"
"Advanced Section","بخش پیشرفته"
"After authorization application will have access to you account.","After authorization application will have access to you account."
"All","همه"
"All Allowed Countries","همه‌ی کشورهای مجاز"
"All Cache","تمام مخزن (Cache)"
"All Files","همه‌ی پرونده‌ها"
"All Reviews","تمام باز بینی ها"
"All Store Views","همه‌ی نماهای فروشگاه"
"All Tags","تمام برچسب ها"
"All Websites","همه‌ی وب‌سایت‌ها"
"All countries","همه‌ی کشورها"
"All fields","همه‌ی موارد"
"All possible rates were fetched, please click on ""Save"" to apply","تمام نرخهای ممکن دریافت شد، برای تایید روی «ذخیره» کلیک کنید"
"All rates were fetched, please click on ""Save"" to apply","تمام نرخها دریافت شد، برای تایید روی «ذخیره» کلیک کنید"
"All valid rates have been saved.","همه نرخهای معتبر ذخیره شدند"
"Always (during development)","Always (during development)"
"Amounts","مقادیر"
"An error has occured while syncronizing media storages.","An error has occured while syncronizing media storages."
"An error occurred while clearing the JavaScript/CSS cache.","در هنگام پاک سازی جاوا اسکریپت خطا رخ داده است/CSS کش."
"An error occurred while clearing the image cache.","در هنگام پاک کردن کش عکس خطا رخ داده است."
"An error occurred while deleting URL Rewrite.","An error occurred while deleting URL Rewrite."
"An error occurred while deleting email template data. Please review log and try again.","در هنگام پاک کردن اطلاعات ایمیل قالب خطا رخ داده است. لطفا دوباره وارد شده وسعی نمایید."
"An error occurred while deleting record(s).","An error occurred while deleting record(s)."
"An error occurred while deleting this role.","در هنگام پاک کردن قانون خطا رخ داده است."
"An error occurred while deleting this set.","در هنگام پاک کردن این مجموعه خطا رخ داده است."
"An error occurred while deleting this template.","An error occurred while deleting this template."
"An error occurred while finishing process. Please refresh the cache","An error occurred while finishing process. Please refresh the cache"
"An error occurred while rebuilding the CatalogInventory Stock Status.","An error occurred while rebuilding the CatalogInventory Stock Status."
"An error occurred while rebuilding the catalog index.","An error occurred while rebuilding the catalog index."
"An error occurred while rebuilding the flat catalog category.","An error occurred while rebuilding the flat catalog category."
"An error occurred while rebuilding the flat product catalog.","An error occurred while rebuilding the flat product catalog."
"An error occurred while rebuilding the search index.","An error occurred while rebuilding the search index."
"An error occurred while refreshing the Catalog Rewrites.","An error occurred while refreshing the Catalog Rewrites."
"An error occurred while refreshing the Layered Navigation indices.","An error occurred while refreshing the Layered Navigation indices."
"An error occurred while refreshing the catalog rewrites.","An error occurred while refreshing the catalog rewrites."
"An error occurred while refreshing the layered navigation indices.","An error occurred while refreshing the layered navigation indices."
"An error occurred while saving URL Rewrite.","An error occurred while saving URL Rewrite."
"An error occurred while saving account.","An error occurred while saving account."
"An error occurred while saving review.","An error occurred while saving review."
"An error occurred while saving the customer.","An error occurred while saving the customer."
"An error occurred while saving this configuration:","An error occurred while saving this configuration:"
"An error occurred while saving this role.","An error occurred while saving this role."
"An error occurred while saving this template.","An error occurred while saving this template."
"An error occurred while updating the selected review(s).","An error occurred while updating the selected review(s)."
"Any","هر"
"Any Attribute Set","هر مجموعه ویژگی"
"Any Group","هر گروه"
"Any Status","هر وضعیت"
"Any Store","هر فروشگاه"
"Any Type","هر نوع"
"Any Visibility","هر وضعیت دید"
"Any data created since the backup was made will be lost including admin users, customers and orders.","Any data created since the backup was made will be lost including admin users, customers and orders."
"Archive file name:","نام پرونده بایگانی:"
"Are you sure that you want to delete this template?","آیا مطمئن هستید که می‌خواهید این قالب را حذف کنید؟"
"Are you sure that you want to strip tags?","آیا مطمئن هستید که می‌خواهید برچسب‌ها را جدا کنید؟"
"Are you sure you want to do this?","آیا برای انجام این کار مطمئن هستید؟"
"Are you sure you want to proceed?","Are you sure you want to proceed?"
"Area","محدوده"
"As low as:","As low as:"
"Assigned","واگذار شده"
"Associated Tags","Associated Tags"
"Attribute Set Name:","نام مجموعه ویژگی:"
"Attributes","ویژگی‌ها"
"Authorization confirmed","Authorization confirmed"
"Authorize","Authorize"
"Authorize application","Authorize application"
"Authorized OAuth Tokens","Authorized OAuth Tokens"
"Automatic (equalize price ranges)","Automatic (equalize price ranges)"
"Automatic (equalize product counts)","Automatic (equalize product counts)"
"Average Order Amount","میانگین مقدار سفارش"
"Average Orders","میانگین سفارش‌ها"
"BINARY","BINARY"
"Back","بازگشت"
"Back to Login","بازگشت به صفحه ورود"
"Backup","پشتیبان"
"Backup Name","Backup Name"
"Backup options","Backup options"
"Backups","پشتیبان‌ها"
"Base currency","واحد پایه"
"Bcc","رونوشت مخفی"
"Bestsellers","پرفروش‌ترین‌ها"
"Billing Address","نشانی صدور صورتحساب"
"Billing Address: ","Billing Address: "
"Billing Agreement","توافقنامه صدور صورت حساب"
"Billing Agreements","توافقنامه های صدور صورت حساب"
"Block Information","مشخصات قطعه"
"Both (without and with tax)","هر دو (با و بدون مالیات)"
"Both IPN and PDT","Both IPN and PDT"
"Browse Files...","انتخاب پرونده‌ها..."
"Bundle with dynamic pricing cannot include custom defined options. Options will not be saved.","مجموعه کالا با قیمت‌گذاری متغیر نمی‌تواند شامل گزینه‌های دلخواه تعریف‌شده باشد. گزینه‌ها ذخیره نخواهد شد."
"CMS","مدیریت محتوا"
"CRITICAL","بحرانی"
"CSV","CSV"
"CSV / Tab separated","CSV / Tab separated"
"Cache Control","کنترل مخزن"
"Cache Control (beta)","کنترل مخزن (بتا)"
"Cache Management","مدیریت مخزن (Cache)"
"Cache Type","Cache Type"
"Cancel","Cancel"
"Cannot add new comment.","نظر جدیدی نمی‌توان اضافه کرد."
"Cannot add tracking number.","شماره رهگیری نمی‌تواند افزوده شود."
"Cannot create an invoice without products.","Cannot create an invoice without products."
"Cannot create credit memo for the order.","Cannot create credit memo for the order."
"Cannot delete the design change.","Cannot delete the design change."
"Cannot delete tracking number.","نمی‌توان شماره رهگیری را حذف کرد."
"Cannot do shipment for the order separately from invoice.","Cannot do shipment for the order separately from invoice."
"Cannot do shipment for the order.","امکان ارسال برای سفارش نیست."
"Cannot initialize shipment for adding tracking number.","Cannot initialize shipment for adding tracking number."
"Cannot initialize shipment for delete tracking number.","Cannot initialize shipment for delete tracking number."
"Cannot load track with retrieving identifier.","Cannot load track with retrieving identifier."
"Cannot retrieve tracking number detail.","Cannot retrieve tracking number detail."
"Cannot save shipment.","امکان ذخیره ارسال وجود ندارد."
"Cannot save the credit memo.","نمی‌توان سند اعتباری را ذخیره کرد."
"Cannot send shipment information.","امکان ارسال اطلاعات حمل و نقل وجود ندارد."
"Cannot update item quantity.","نمی‌توان مقدار کالا را بهنگام کرد."
"Cannot update the item\'s quantity.","Cannot update the item\'s quantity."
"Catalog","Catalog"
"Catalog Price Rules","Catalog Price Rules"
"Catalog Rewrites","Catalog Rewrites"
"Categories","Categories"
"Category:","دسته بندی:"
"Chart is disabled. If you want to enable chart, click <a href=""%s"">here</a>.","Chart is disabled. If you want to enable chart, click <a href=""%s"">here</a>."
"Checkbox","Checkbox"
"Child Transactions","Child Transactions"
"Choose Store View:","ظاهر فروشگاه خود را انتخاب نمایید:"
"Choose an attribute","Choose an attribute"
"Chosen category does not associated with any website, so url rewrite is not possible.","Chosen category does not associated with any website, so url rewrite is not possible."
"Chosen product does not associated with any website, so url rewrite is not possible.","Chosen product does not associated with any website, so url rewrite is not possible."
"Clear","Clear"
"Close","بستن"
"Comment text field cannot be empty.","Comment text field cannot be empty."
"Complete","کامل"
"Configuration","Configuration"
"Confirm New Password","Confirm New Password"
"Confirm token authorization Pop Up for admin","Confirm token authorization Pop Up for admin"
"Confirm token authorization for admin","Confirm token authorization for admin"
"Confirmation Of Authorization","Confirmation Of Authorization"
"Confirmed email:","Confirmed email:"
"Connect with the Magento Community","Connect with the Magento Community"
"Continue","Continue"
"Convert to Plain Text","Convert to Plain Text"
"Cookie (unsafe)","Cookie (Unsafe)"
"Country","کشور"
"Country:","Country:"
"Coupons","Coupons"
"Create","Create"
"Create DB Backup","Create DB Backup"
"Create New Attribute","ایجاد ویژگی جدید"
"Create URL Rewrite:","ایحاد URL Rewrite:"
"Created At","Created At"
"Credit Card %s","Credit Card %s"
"Credit Memo History","Credit Memo History"
"Credit Memo Totals","Credit Memo Totals"
"Credit Memos","Credit Memos"
"Credit memo #%s comment added","Credit memo #%s comment added"
"Credit memo #%s created","Credit memo #%s created"
"Credit memo\'s total must be positive.","Credit memo\'s total must be positive."
"Currency","ارز"
"Currency ""%s"" is used as %s in %s.","Currency ""%s"" is used as %s in %s."
"Currency Information","Currency Information"
"Currency Setup Section","Currency Setup Section"
"Current Configuration Scope:","Current Configuration Scope:"
"Current Month","ماه جاری"
"Custom","Custom"
"Custom Variable ""%s""","Custom Variable ""%s"""
"Custom Variables","Custom Variables"
"Customer","Customer"
"Customer Group:","Customer Group:"
"Customer Groups","Customer Groups"
"Customer Name","نام مشتری"
"Customer Reviews","Customer Reviews"
"Customer Shopping Carts","Customer Shopping Carts"
"Customer Since:","Customer Since:"
"Customer Tax Classes","Customer Tax Classes"
"Customer with the same email already exists.","Customer with the same email already exists."
"Customers","Customers"
"Customers by Number of Orders","Customers by Number of Orders"
"Customers by Orders Total","Customers by Orders Total"
"DHTML Date/Time Selector","DHTML Date/Time Selector"
"Dashboard","دشبورد"
"Data Format","فرمت دیتا"
"Data transfer:","Data transfer:"
"Database","پایگاه داده"
"Dataflow - Advanced Profiles","Dataflow - Advanced Profiles"
"Dataflow - Profiles","Dataflow - Profiles"
"Date","تاریخ"
"Date & Time","تاریخ و زمان"
"Date Added","Date Added"
"Date Updated","Date Updated"
"Date selection:","Date selection:"
"Date selector","Date selector"
"Day","Day"
"Decimal separator:","Decimal separator:"
"Default (Admin) Values","Default (Admin) Values"
"Default Billing Address","Default Billing Address"
"Default Config","Default Config"
"Default Template from Locale","Default Template from Locale"
"Default Values","Default Values"
"Default display currency ""%s"" is not available in allowed currencies.","Default display currency ""%s"" is not available in allowed currencies."
"Default scope","Default scope"
"Delete","Delete"
"Delete %s","Delete %s"
"Delete %s '%s'","Delete %s '%s'"
"Delete File","Delete File"
"Delete Image","Delete Image"
"Delete Profile","Delete Profile"
"Delete Role","Delete Role"
"Delete Store","Delete Store"
"Delete Store View","حذف ظاهر فروشگاه"
"Delete Template","Delete Template"
"Delete User","Delete User"
"Delete Website","Delete Website"
"Description","توضیحات"
"Design","Design"
"Design Section","Design Section"
"Details","Details"
"Developer Section","Developer Section"
"Direction:","جهت:"
"Disable","غیر فعال"
"Disabled","غیر فعال شده"
"Display %s first","Display %s first"
"Display default currency","Display default currency"
"Distributed under GNU LGPL. See %s for details.","Distributed under GNU LGPL. See %s for details."
"Do you really want to KILL parallel process and start new indexing process?","Do you really want to KILL parallel process and start new indexing process?"
"Do you really want to proceed?","Do you really want to proceed?"
"Download","دنلود"
"Downloads","دنلود ها"
"Drag to move","برای حرکت دادن بکشید"
"Drop-down","کشویی"
"Edit","ویرایش"
"Edit Design Change","Edit Design Change"
"Edit Email Template","Edit Email Template"
"Edit Order","ویرایش سفارش"
"Edit Poll","ویرایش نظرسنجی"
"Edit Queue","ویرایش صف"
"Edit Review","ویرایش بازدید"
"Edit Role","ویرایش نقش"
"Edit Store View","ویرایش ظاهر فروشگاه"
"Edit System Template","Edit System Template"
"Edit Template","ویرایش قالب"
"Edit URL Rewrite","Edit URL Rewrite"
"Edit User","ویرایش کاربر"
"Edit User '%s'","ویرایش کاربر '%s'"
"Edit Website","ویرایش وب سایت"
"Email","پست الکترونیکی"
"Email Address:","آدرس پست الکترونیکی:"
"Email Preview","پیش نمایش پست الکترونیکی"
"Email to a Friend","ارسال از طریق ایمیل به دوستان"
"Email:","پست الکترونیکی:"
"Enable","فعال کردن"
"Enabled","فعال شده"
"Enclose Values In:","Enclose Values In:"
"Entity Attributes","Entity Attributes"
"Entity Type","نوع موجودیت"
"Entity type:","نوع موجودیت:"
"Error","خطا"
"Excel XML","Excel XML"
"Excl. Tax","Excl. Tax"
"Exclude media folder from backup","Exclude media folder from backup"
"Export","Export"
"Export CSV","Export CSV"
"Export Filters","Export Filters"
"Export to:","Export to:"
"Export:","Export:"
"FTP Host","FTP Host"
"FTP Host[:Port]","FTP Host[:Port]"
"FTP Login","FTP Login"
"FTP Password","FTP Password"
"FTP credentials","FTP credentials"
"Failed to add a product to cart by id ""%s"".","Failed to add a product to cart by id ""%s""."
"Failed to cancel the billing agreement.","Failed to cancel the billing agreement."
"Failed to clear the JavaScript/CSS cache.","Failed to clear the JavaScript/CSS cache."
"Failed to delete the billing agreement.","Failed to delete the billing agreement."
"Failed to update the profile.","Failed to update the profile."
"Field","Field"
"Field Mapping","Field Mapping"
"File","File"
"File Information","File Information"
"File System","File System"
"File mode","File mode"
"File name:","File name:"
"File size should be more than 0 bytes","File size should be more than 0 bytes"
"Finished profile execution.","Finished profile execution."
"First Invoice Created Date","First Invoice Created Date"
"First Name","نام"
"First Name is required field.","First Name is required field."
"First Name:","First Name:"
"Fixed","Fixed"
"Flush Catalog Images Cache","Flush Catalog Images Cache"
"Flush JavaScript/CSS Cache","Flush JavaScript/CSS Cache"
"For category","For category"
"For latest version visit: %s","For latest version visit: %s"
"For product","For product"
"Forgot Admin Password","Forgot Admin Password"
"Forgot your password?","کلمه عبور خود را فراموش کرده اید؟"
"Forgot your user name or password?","Forgot your user name or password?"
"From","From"
"GLOBAL","GLOBAL"
"Gb","Gb"
"General Information","اطلاعات کلی"
"General Section","بخش عمومی"
"Get Image Base64","Get Image Base64"
"Get help for this page","Get help for this page"
"Give the verifier code to application administrator","Give the verifier code to application administrator"
"Global Attribute","Global Attribute"
"Global Record Search","Global Record Search"
"Global Search","Global Search"
"Go Today","Go Today"
"Go to messages inbox","رفتن به صندوق پیام ها"
"Go to notifications","Go to notifications"
"Google Base","Google Base"
"Google Sitemaps","نقشه سایت گوگل"
"Grand Total","جمع کل"
"Grid (default) / List","Grid (default) / List"
"Grid Only","Grid Only"
"Group:","Group:"
"Guest","Guest"
"HTTP (unsecure)","HTTP (unsecure)"
"HTTPS (SSL)","HTTPS (SSL)"
"Help Us Keep Magento Healthy - Report All Bugs","Help Us Keep Magento Healthy - <a href=""http://www.magentocommerce.com/bug-tracking"" target=""varien_external""><strong>Report All Bugs</strong</a>>"
"Helper attributes should not be used in custom layout updates.","Helper attributes should not be used in custom layout updates."
"Helper for options rendering doesn't implement required interface.","Helper for options rendering doesn't implement required interface."
"Home","خانه"
"ID","شناسه"
"ID Path","مسیر شناسه"
"IP Address","آدرس IP"
"IPN (Instant Payment Notification) Only","IPN (Instant Payment Notification) Only"
"If there is an account associated with %s you will receive an email with a link to reset your password.","If there is an account associated with %s you will receive an email with a link to reset your password."
"If this message persists, please contact the store owner.","If this message persists, please contact the store owner."
"Images (.gif, .jpg, .png)","Images (.gif, .jpg, .png)"
"Images Cache","Images Cache"
"Import","وارد کردن"
"Import Service","وارد کردن سرویس"
"Import and Export","وارد و خارج کردن"
"Import and Export Tax Rates","Import and Export Tax Rates"
"Import/Export","وارد کردن/خارج کردن"
"Import/Export Advanced","Import/Export Advanced"
"Import/Export Profile","Import/Export Profile"
"Important: ","مهم: "
"Imported <strong>%s</strong> records","Imported <strong>%s</strong> records"
"In","In"
"In Database:","In Database:"
"In File:","In File:"
"Inactive","Inactive"
"Incl. Tax","Incl. Tax"
"Incoming Message","پیام های دریافتی"
"Insert Variable...","Insert Variable..."
"Interactive","Interactive"
"Interface Locale: %s","Interface Locale: %s"
"Invalid Form Key. Please refresh the page.","Invalid Form Key. Please refresh the page."
"Invalid Import Service Specified","Invalid Import Service Specified"
"Invalid POST data (please check post_max_size and upload_max_filesize settings in your php.ini file).","Invalid POST data (please check post_max_size and upload_max_filesize settings in your php.ini file)."
"Invalid Secret Key. Please refresh the page.","Invalid Secret Key. Please refresh the page."
"Invalid User Name or Password.","Invalid User Name or Password."
"Invalid directory: %s","Invalid directory: %s"
"Invalid email address ""%s"".","Invalid email address ""%s""."
"Invalid email address.","Invalid email address."
"Invalid file: %s","Invalid file: %s"
"Invalid input data for %s => %s rate","Invalid input data for %s => %s rate"
"Invalid parent block for this block","Invalid parent block for this block"
"Invalid parent block for this block.","Invalid parent block for this block."
"Invalid password reset token.","Invalid password reset token."
"Invalid sender name ""%s"". Please use only visible characters and spaces.","Invalid sender name ""%s"". Please use only visible characters and spaces."
"Invalid timezone","Invalid timezone"
"Invalidated","Invalidated"
"Inventory Stock Status","Inventory Stock Status"
"Invoice #%s comment added","Invoice #%s comment added"
"Invoice #%s created","Invoice #%s created"
"Invoice History","Invoice History"
"Invoice Totals","Invoice Totals"
"Invoice canceling error.","Invoice canceling error."
"Invoice capturing error.","Invoice capturing error."
"Invoice voiding error.","Invoice voiding error."
"Invoices","Invoices"
"Is Closed","Is Closed"
"Issue Number","Issue Number"
"Items","اقلام"
"JavaScript seems to be disabled in your browser.","JavaScript seems to be disabled in your browser."
"JavaScript/CSS","JavaScript/CSS"
"JavaScript/CSS Cache","JavaScript/CSS Cache"
"Kb","Kb"
"Last 24 Hours","24 ساعت آخر"
"Last 5 Orders","پنج سفارش آخر"
"Last 5 Search Terms","آخرین 5 عبارت جستجو شده"
"Last 7 Days","7 روز آخر"
"Last Credit Memo Created Date","Last Credit Memo Created Date"
"Last Invoice Created Date","Last Invoice Created Date"
"Last Logged In (%s):","Last Logged In (%s):"
"Last Logged In:","Last Logged In:"
"Last Name","نام خانوادگی"
"Last Name is required field.","Last Name is required field."
"Last Name:","Last Name:"
"Last updated: %s. To refresh last day\'s <a href=""%s"">statistics</a>, click <a href=""%s"">here</a>.","Last updated: %s. To refresh last day\'s <a href=""%s"">statistics</a>, click <a href=""%s"">here</a>."
"Latest Message:","آخرین پیام:"
"Layered Navigation Indices","Layered Navigation Indices"
"Layered Navigation Indices were refreshed.","Layered Navigation Indices were refreshed."
"Leave empty to use tax identifier","Leave empty to use tax identifier"
"Lifetime Sales","Lifetime Sales"
"Lifetime statistics have been updated.","Lifetime statistics have been updated."
"Links","Links"
"Links with associated products will retain only after saving current product.","Links with associated products will retain only after saving current product."
"List (default) / Grid","List (default) / Grid"
"List Only","List Only"
"Load Template","Load Template"
"Load default template","Load default template"
"Loading...","Loading..."
"Local Server","Local Server"
"Local/Remote Server","Local/Remote Server"
"Locale","Locale"
"Log In","ورود"
"Log Out","خروج"
"Log in to Admin Panel","ورود به پنل مدیریت"
"Log in to use <strong>%s</strong>","Log in to use <strong>%s</strong>"
"Log into Magento Admin Page","Log into Magento Admin Page"
"Logged in as %s","Logged in as %s"
"Login","ورود"
"Low Stock","Low Stock"
"MAJOR","MAJOR"
"MINOR","MINOR"
"MS Excel XML","MS Excel XML"
"Magento Admin","Magento Admin"
"Magento Commerce - Administrative Panel","Magento Commerce - Administrative Panel"
"Magento Connect","Magento Connect"
"Magento Connect Manager","Magento Connect Manager"
"Magento Logo","Magento Logo"
"Magento is a trademark of Magento Inc. Copyright &copy; %s Magento Inc.","Magento is a trademark of Magento Inc. Copyright &copy; %s Magento Inc."
"Magento root directory","Magento root directory"
"Magento ver. %s","Magento ver. %s"
"Magento&trade; is a trademark of Magento Inc.<br/>Copyright &copy; %s Magento Inc.","Magento&trade; is a trademark of Magento Inc.<br/>Copyright &copy; %s Magento Inc."
"Make sure that data encoding in the file is consistent and saved in one of supported encodings (UTF-8 or ANSI).","Make sure that data encoding in the file is consistent and saved in one of supported encodings (UTF-8 or ANSI)."
"Manage Attribute Sets","مدیریت مجموعه ویژگی ها"
"Manage Attributes","مدیریت ویژگی ها"
"Manage Categories","مدیریت دسته بندی ها"
"Manage Content","مدیریت محتوا"
"Manage Currency Rates","مدیریت نرخ ارز"
"Manage Customers","مدیریت مشتریان"
"Manage Ratings","مدیریت رتبه ها"
"Manage Stores","مدیریت فروشگاه ها"
"Manage Tax Rules","مدیرت قوانین مالیات"
"Manage Tax Zones and Rates","Manage Tax Zones and Rates"
"Manual","دستی"
"Matched Expression","Matched Expression"
"Mb","Mb"
"Media (.avi, .flv, .swf)","Media (.avi, .flv, .swf)"
"Media storages synchronization has completed!","Media storages synchronization has completed!"
"Messages Inbox","Messages Inbox"
"Month","Month"
"Most Viewed","Most Viewed"
"Most Viewed Products","محصولات پربیننده"
"Multiple Select","Multiple Select"
"My Account","حساب من"
"My Applications","My Applications"
"N/A","نامشخص"
"NOTICE","اطلاع"
"Name","نام"
"Name:","نام:"
"Never (production)","Never (production)"
"New ","جدید "
"New API Key","New API Key"
"New Accounts","حساب جدید"
"New Attribute","ویژگی جدید"
"New Block","بلاک جدید"
"New Category","دسته بندی جدید"
"New Class","New Class"
"New Condition","New Condition"
"New Custom Variable","New Custom Variable"
"New Customer","New Customer"
"New Customers","New Customers"
"New Design Change","New Design Change"
"New Email Template","New Email Template"
"New Group","New Group"
"New Invoice","New Invoice"
"New Item Type","New Item Type"
"New Memo","New Memo"
"New Memo for #%s","New Memo for #%s"
"New Page","New Page"
"New Password","رمز عبور جدید"
"New Poll","New Poll"
"New Profile","New Profile"
"New Rate","New Rate"
"New Rating","New Rating"
"New Review","New Review"
"New Role","New Role"
"New Rule","New Rule"
"New Search","New Search"
"New Set","New Set"
"New Shipment","New Shipment"
"New Sitemap","New Sitemap"
"New Store View","New Store View"
"New System Template","New System Template"
"New Tag","New Tag"
"New Template","New Template"
"New User","New User"
"New Variable","New Variable"
"New Website","New Website"
"New password field cannot be empty.","New password field cannot be empty."
"Newsletter","Newsletter"
"Newsletter Problems","Newsletter Problems"
"Newsletter Queue","Newsletter Queue"
"Newsletter Subscribers","Newsletter Subscribers"
"Newsletter Templates","Newsletter Templates"
"Next month (hold for menu)","Next month (hold for menu)"
"Next year (hold for menu)","Next year (hold for menu)"
"No","خیر"
"No (price without tax)","No (price without tax)"
"No Data Found","هیچ داده ای پیدا نشد"
"No Templates Found","No Templates Found"
"No change","No change"
"No customer id defined.","No customer id defined."
"No information available.","No information available."
"No profile loaded...","No profile loaded..."
"No records found for this period.","No records found for this period."
"No records found.","هیچ رکوردی یافت نشد."
"No report code specified.","No report code specified."
"No search keywords.","No search keywords."
"No search modules were registered","No search modules were registered"
"No wishlist item id defined.","No wishlist item id defined."
"None","None"
"Note:","نکته:"
"Notes","نکات"
"Notifications","Notifications"
"Number of Orders","تعداد سفارشات"
"Number of Uses","تعداد استفاده"
"Number of Views","تعداد نمایش"
"Number of records:","تعداد رکورد:"
"OAuth Consumers","OAuth Consumers"
"OAuth authorization for admin","OAuth authorization for admin"
"OAuth authorization simple for admin","OAuth authorization simple for admin"
"OK","OK"
"Old rate:","Old rate:"
"One or more media files failed to be synchronized during the media storages syncronization process. Refer to the log file for details.","One or more media files failed to be synchronized during the media storages syncronization process. Refer to the log file for details."
"One or more of the Cache Types are invalidated:","One or more of the Cache Types are invalidated:"
"Online Customers","Online Customers"
"Only Once (version upgrade)","Only Once (version upgrade)"
"Only attributes with scope ""Global"", input type ""Dropdown"" and Use To Create Configurable Product ""Yes"" are available.","Only attributes with scope ""Global"", input type ""Dropdown"" and Use To Create Configurable Product ""Yes"" are available."
"Only mapped fields","Only mapped fields"
"Optional","انتخابی"
"Options","گزینه ها"
"Order","سفارش"
"Order #%s","سفارش #%s"
"Order #%s (%s)","سفارش #%s (%s)"
"Order Created Date","Order Created Date"
"Order ID","Order ID"
"Order Totals","Order Totals"
"Order Updated Date","Order Updated Date"
"Order Updated Date report is real-time, does not need statistics refreshing.","Order Updated Date report is real-time, does not need statistics refreshing."
"Orders","سفارشات"
"Original Magento attribute names in first row:","Original Magento attribute names in first row:"
"Out of stock","Out of stock"
"PDT (Payment Data Transfer) Only","PDT (Payment Data Transfer) Only"
"Package Extensions","Package Extensions"
"Pages","صفحات"
"Parent Product Thumbnail","Parent Product Thumbnail"
"Parent Transaction ID","Parent Transaction ID"
"Passive mode","Passive mode"
"Password","کلمه عبور"
"Password Confirmation","Password Confirmation"
"Password confirmation must be same as password.","Password confirmation must be same as password."
"Password must be at least of %d characters.","Password must be at least of %d characters."
"Password must include both numeric and alphabetic characters.","Password must include both numeric and alphabetic characters."
"Password:","کلمه عبور:"
"Path:","مسیر:"
"PayPal Manager","مدیریت پی پال"
"Payment method instance is not available.","Payment method instance is not available."
"Payment method is not available.","Payment method is not available."
"Payment method must be specified.","Payment method must be specified."
"Pending Reviews","نظرات در انتظار"
"Pending Tags","برچسب های در انتظار"
"Per Item","در هر مورد"
"Per Order","در هر سفارش"
"Percent","درصد"
"Performed At","Performed At"
"Period","Period"
"Permanent (301)","Permanent (301)"
"Permissions","Permissions"
"Personal Information","اطلاعات شخصی"
"Phone:","نلفن:"
"Please Select","لطفا انتخاب نمایید"
"Please confirm site switching. All data that hasn\'t been saved will be lost.","Please confirm site switching. All data that hasn\'t been saved will be lost."
"Please enter 6 or more characters.","Please enter 6 or more characters."
"Please enter a number greater than 0 in this field.","Please enter a number greater than 0 in this field."
"Please enter a valid $ amount. For example $100.00.","Please enter a valid $ amount. For example $100.00."
"Please enter a valid URL. For example http://www.example.com or www.example.com","Please enter a valid URL. For example http://www.example.com or www.example.com"
"Please enter a valid URL. http:// is required","Please enter a valid URL. http:// is required"
"Please enter a valid credit card number.","Please enter a valid credit card number."
"Please enter a valid date.","Please enter a valid date."
"Please enter a valid email address. For example johndoe@domain.com.","Please enter a valid email address. For example johndoe@domain.com."
"Please enter a valid email.","Please enter a valid email."
"Please enter a valid number in this field.","لطفاً یک شماره درست در اینجا وارد کنید."
"Please enter a valid phone number. For example (123) 456-7890 or 123-456-7890.","Please enter a valid phone number. For example (123) 456-7890 or 123-456-7890."
"Please enter a valid social security number. For example 123-45-6789.","Please enter a valid social security number. For example 123-45-6789."
"Please enter a valid value from list","Please enter a valid value from list"
"Please enter a valid value, ex: 10,20,30","Please enter a valid value, ex: 10,20,30"
"Please enter a valid zip code.","Please enter a valid zip code."
"Please enter a valid zip code. For example 90602 or 90602-1234.","لطفاً یک کد پستی معتبر وارد کنید."
"Please enter another credit card number to complete your purchase.","Please enter another credit card number to complete your purchase."
"Please enter password","Please enter password"
"Please enter password to confirm rollback.","Please enter password to confirm rollback."
"Please enter valid password.","Please enter valid password."
"Please make sure that all global admin search modules are installed and activated.","Please make sure that all global admin search modules are installed and activated."
"Please make sure that your changes were saved before running the profile.","Please make sure that your changes were saved before running the profile."
"Please make sure your passwords match.","Please make sure your passwords match."
"Please select State/Province.","Please select State/Province."
"Please select a customer.","Please select a custmer"
"Please select a store.","Please select a store."
"Please select an option.","لطفاً یک گزینه را انتخاب کنید."
"Please select catalog searches.","Please select catalog searches."
"Please select customer(s).","Please select customer(s)."
"Please select message(s).","Please select message(s)."
"Please select one of the above options.","Please select one of the above options."
"Please select one of the options.","Please select one of the options."
"Please select review(s).","Please select review(s)."
"Please select tag(s).","Please select tag(s)."
"Please specify backup creation options","Please specify backup creation options"
"Please specify the admin custom URL.","Please specify the admin custom URL."
"Please try to logout and sign in again.","Please try to logout and sign in again."
"Please type the letters from the image:","Please type the letters from the image:"
"Please use in this field only ""a-z,0-9,_"".","Please use in this field only ""a-z,0-9,_""."
"Please use letters only (a-z) in this field.","لطفاً فقط از حروف (a-z) در اینجا استفاده کنید."
"Please use numbers only in this field. Please avoid spaces or other characters such as dots or commas.","لطفاً فقط از اعداد در اینجا استفاده کنید. و خواهشمند است از فاصله و دیگر کاراکترها مثل کاما استفاده نکنید."
"Please use only letters (a-z or A-Z), numbers (0-9) or spaces in this field.","Please use only letters (a-z or A-Z), numbers (0-9) or spaces in this field."
"Please use only letters (a-z) or numbers (0-9) only in this field. No spaces or other characters are allowed.","Please use only letters (a-z) or numbers (0-9) only in this field. No spaces or other characters are allowed."
"Please use only letters (a-z) or numbers (0-9) or spaces and # only in this field.","Please use only letters (a-z) or numbers (0-9) or spaces and # only in this field."
"Please use this date format: dd/mm/yyyy. For example 17/03/2006 for the 17th of March, 2006.","Please use this date format: dd/mm/yyyy. For example 17/03/2006 for the 17th of March, 2006."
"Please wait while the indexes are being refreshed.","Please wait while the indexes are being refreshed."
"Please wait, loading...","Please wait, loading..."
"Please wait...","Please wait..."
"Please, add some answers to this poll first.","Please, add some answers to this poll first."
"Please, select ""Visible in Stores"" for this poll first.","Please, select ""Visible in Stores"" for this poll first."
"Poll Manager","Poll Manager"
"Polls","نظر سنجی ها"
"Popular","محبوب"
"Position of Watermark for %s","Position of Watermark for %s"
"Pregenerated product images files.","Pregenerated product images files."
"Prev. month (hold for menu)","Prev. month (hold for menu)"
"Prev. year (hold for menu)","Prev. year (hold for menu)"
"Preview","نمایش"
"Preview Template","Preview Template"
"Price","قیمت"
"Price alert subscription was saved.","Price alert subscription was sved."
"Price:","قیمت:"
"Processed <strong>%s%% %s/%d</strong> records","Processed <strong>%s%% %s/%d</strong> records"
"Product","محصول"
"Product Name","نام محصول"
"Product Reviews","نظرات محصول"
"Product Tax Classes","کلاس های مالیاتی محصول"
"Product Thumbnail Itself","Product Thumbnail Itself"
"Product is not loaded.","محصول بارگزاری نشده است."
"Product:","محصول:"
"Products","محصولات"
"Products Bestsellers Report","Products Bestsellers Report"
"Products Most Viewed Report","Products Most Viewed Report"
"Products Ordered","Products Ordered"
"Products in Carts","Products in Carts"
"Profile Action","Profile Action"
"Profile Actions XML","Profile Actions XML"
"Profile Direction","Profile Direction"
"Profile History","Profile History"
"Profile Information","Profile Information"
"Profile Name","Profile Name"
"Profile Payments","Profile Payments"
"Profile Schedule","Profile Schedule"
"Profile Wizard","Profile Wizard"
"Profiles","پروفایل ها"
"Promo","تبلیغات"
"Promotions","جوایز"
"Purchased Item","مورد خریداری شده"
"Put store on the maintenance mode while backup creation","Put store on the maintenance mode while backup creation"
"Put store on the maintenance mode while rollback processing","Put store on the maintenance mode while rollback processing"
"Quantity","تعداد"
"Queue Refresh","Queue Refresh"
"Queued... Cancel","Queued... Cancel"
"REST Roles","REST Roles"
"Radio Buttons","Radio Buttons"
"Rates","رتبه ها"
"Read details","خواندن جزئیات"
"Rebuild","بازسازی"
"Rebuild Catalog Index","بازسازی ایندکس کاتالوگ"
"Rebuild Flat Catalog Category","بازسازی مجموعه فروشگاه تخت"
"Rebuild Flat Catalog Product","Rebuild Flat Catalog Product"
"Recent Orders","سفارشات اخیر"
"Recent statistics have been updated.","Recent statistics have been updated."
"Recurring Profile View","Recurring Profile View"
"Recursive Dir","Recursive Dir"
"Redirect","Redirect"
"Reference","Reference"
"Reference ID","Reference ID"
"Refresh","Refresh"
"Refresh Now*","Refresh Now*"
"Refresh Statistics","Refresh Statistics"
"Region/State","Region/State"
"Regular Price:","Regular Price:"
"Reject","Reject"
"Reject token authorization Pop Up for admin","Reject token authorization Pop Up for admin"
"Reject token authorization for admin","Reject token authorization for admin"
"Rejection Of Authorization","Rejection Of Authorization"
"Release","Release"
"Release Stability","Release Stability"
"Release Version","Release Version"
"Reload captcha","Reload captcha"
"Remote FTP","Remote FTP"
"Remove","حذف"
"Reports","گزارشات"
"Request Path","مسیر درخواستی"
"Required","Required"
"Reset","Reset"
"Reset Filter","بازنشانی فیلتر"
"Reset Password","Reset Password"
"Reset a Password","Reset a Password"
"Resize","Resize"
"Resource Access","Resource Access"
"Resources","Resources"
"Results","نتایج"
"Retrieve Password","Retrieve Password"
"Return Html Version","Return Html Version"
"Revenue","سود"
"Reviews","نظرات"
"Reviews and Ratings","نظرات و رتبه ها"
"Rewrite Rules","Rewrite Rules"
"Role ID","شناسه نقش"
"Role Info","اطلاعات نقش"
"Role Information","اطلاعات نقش"
"Role Name","نام نقش"
"Role Resources","منابع نقش"
"Role Users","کابران نقش"
"Roles","نقش ها"
"Roles Resources","منابع نقش"
"Rotate CCW","Rotate CCW"
"Rotate CW","Rotate CW"
"Run","اجرا"
"Run Profile","اجرا پروفایل"
"Run Profile Inside This Window","اجرا پروفایل در داخل این پنجره"
"Run Profile in Popup","Run Profile in Popup"
"Running... Kill","Running... Kill"
"SKU","SKU"
"SKU:","SKU:"
"SSL Error: Invalid or self-signed certificate","SSL Error: Invalid or self-signed certificate"
"Sales","فروش"
"Sales Report","گزارش فروش"
"Samples","نمونه ها"
"Save","ذخیره"
"Save & Generate","Save & Generate"
"Save Account","Save Account"
"Save Cache Settings","Save Cache Settings"
"Save Config","Save Config"
"Save Currency Rates","Save Currency Rates"
"Save Profile","Save Profile"
"Save Role","Save Role"
"Save Template","Save Template"
"Save User","Save User"
"Save and Continue Edit","Save and Continue Edit"
"Search","جستجو"
"Search Index","Search Index"
"Search Term","عبارت جستجو شده"
"Search Terms","عبارات جستجو شده"
"Select","Select"
"Select All","انتخاب همه"
"Select Category","Select Category"
"Select Date","انتخاب تاریخ"
"Select Range"," انتخاب بازه "
"Select date","انتخاب تاریخ"
"Selected allowed currency ""%s"" is not available in installed currencies.","Selected allowed currency ""%s"" is not available in installed currencies."
"Selected base currency is not available in installed currencies.","Selected base currency is not available in installed currencies."
"Selected default display currency is not available in allowed currencies.","Selected default display currency is not available in allowed currencies."
"Selected default display currency is not available in installed currencies.","Selected default display currency is not available in installed currencies."
"Self-assigned roles cannot be deleted.","Self-assigned roles cannot be deleted."
"Sender","Sender"
"Separate Email","Separate Email"
"Service Settings","Service Settings"
"Set up & Customize","Set up & Customize"
"Shipment #%s comment added","Shipment #%s comment added"
"Shipment #%s created","Shipment #%s created"
"Shipment Comments","Shipment Comments"
"Shipment History","Shipment History"
"Shipments","Shipments"
"Shipping","هزینه حمل و نقل"
"Shipping Address","نشانی ارسال"
"Shipping Address: ","Shipping Address: "
"Shipping Origin","Shipping Origin"
"Shipping Price","هزینه ارسال"
"Shipping address selection is not applicable","Shipping address selection is not applicable"
"Shipping method must be specified.","Shipping method must be specified."
"Shipping method selection is not applicable","Shipping method selection is not applicable"
"Shopping Cart","Shopping Cart"
"Shopping Cart Price Rules","Shopping Cart Price Rules"
"Shopping Cart from %s","Shopping Cart from %s"
"Show By","Show By"
"Show Report For:","Show Report For:"
"Show Reviews","Show Reviews"
"Sitemap Information","Sitemap Information"
"Size for %s","Size for %s"
"Skip Category Selection","Skip Category Selection"
"Some items in this order have different invoice and shipment types. You can create shipment only after the invoice is created.","Some items in this order have different invoice and shipment types. You can create shipment only after the invoice is created."
"Some of the ordered items do not exist in the catalog anymore and will be removed if you try to edit the order.","Some of the ordered items do not exist in the catalog anymore and will be removed if you try to edit the order."
"Sorry, this feature is coming soon...","Sorry, this feature is coming soon..."
"Special Price:","قیمت ویژه:"
"Specific Countries","Specific Countries"
"Specified","Specified"
"Specified profile does not exist.","Specified profile does not exist."
"Spreadsheet Name:","Spreadsheet Name:"
"Start Date","Start Date"
"Starting profile execution, please wait...","Starting profile execution, please wait..."
"State/Province:","State/Province:"
"Static Blocks","بلاک های استاتیک"
"Status","وضعیت"
"Status:","Status:"
"Stock Quantity:","Stock Quantity:"
"Stock notification was saved.","Stock notification was saved."
"Store","Store"
"Store Email Addresses Section","Store Email Addresses Section"
"Store View","Store View"
"Store:","Store:"
"Stores","Stores"
"Subject","Subject"
"Submit","Submit"
"Subpackage cannot be conflicting.","Subpackage cannot be conflicting."
"Subtotal","Subtotal"
"Switch/Solo/Maestro Only","Switch/Solo/Maestro Only"
"Symbol","Symbol"
"Synchronization is required.","Synchronization is required."
"Synchronization of media storages has been successfully completed.","Synchronization of media storages has been successfully completed."
"Synchronize","Synchronize"
"Synchronizing %s to %s","Synchronizing %s to %s"
"Synchronizing...","Synchronizing..."
"System","System"
"System Section","System Section"
"System busy","System busy"
"Tags","برچسب‌ها"
"Target Path","مسیر هدف"
"Tax","مالیات"
"Tb","Tb"
"Template","قالب"
"Template Content","محتوای قالب"
"Template Information","Template Information"
"Template Name","نام قالب"
"Template Styles","Template Styles"
"Template Subject","موضوع قالب"
"Template Type","نوع قالب"
"Temporary (302)","Temporary (302)"
"Terms and Conditions","Terms and Conditions"
"Text","Text"
"The Catalog Rewrites were refreshed.","The Catalog Rewrites were refreshed."
"The CatalogInventory Stock Status has been rebuilt.","The CatalogInventory Stock Status has been rebuilt."
"The Comment Text field cannot be empty.","The Comment Text field cannot be empty."
"The Flat Catalog Product was rebuilt","The Flat Catalog Product was rebuilt"
"The JavaScript/CSS cache has been cleaned.","The JavaScript/CSS cache has been cleaned."
"The JavaScript/CSS cache has been cleared.","The JavaScript/CSS cache has been cleared."
"The Layered Navigation indexing has been queued.","The Layered Navigation indexing has been queued."
"The Layered Navigation indexing queue has been canceled.","The Layered Navigation indexing queue has been canceled."
"The Layered Navigation indices were refreshed.","The Layered Navigation indices were refreshed."
"The Layered Navigation process has been queued to be killed.","The Layered Navigation process has been queued to be killed."
"The Magento cache storage has been flushed.","The Magento cache storage has been flushed."
"The URL Rewrite has been deleted.","The URL Rewrite has been deleted."
"The URL Rewrite has been saved.","The URL Rewrite has been saved."
"The account has been saved.","The account has been saved."
"The archive can be uncompressed with <a href=""%s"">%s</a> on Windows systems","The archive can be uncompressed with <a href=""%s"">%s</a> on Windows systems"
"The attribute set has been removed.","The attribute set has been removed."
"The backup's creation process will take time.","The backup's creation process will take time."
"The billing agreement has been canceled.","The billing agreement has been canceled."
"The billing agreement has been deleted.","The billing agreement has been deleted."
"The cache storage has been flushed.","The cache storage has been flushed."
"The carrier needs to be specified.","The carrier needs to be specified."
"The catalog index has been rebuilt.","The catalog index has been rebuilt."
"The catalog rewrites have been refreshed.","The catalog rewrites have been refreshed."
"The configuration has been saved.","The configuration has been saved."
"The credit memo has been canceled.","The credit memo has been canceled."
"The credit memo has been created.","The credit memo has been created."
"The credit memo has been voided.","The credit memo has been voided."
"The custom variable has been deleted.","The custom variable has been deleted."
"The custom variable has been saved.","The custom variable has been saved."
"The customer has been deleted.","The customer has been deleted."
"The customer has been saved.","The customer has been saved."
"The design change has been deleted.","The design change has been deleted."
"The design change has been saved.","The design change has been saved."
"The email address is empty.","The email address is empty."
"The email template has been deleted.","The email template has been deleted."
"The email template has been saved.","The email template has been saved."
"The flat catalog category has been rebuilt.","The flat catalog category has been rebuilt."
"The group node name must be specified with field node name.","The group node name must be specified with field node name."
"The image cache was cleaned.","The image cache was cleaned."
"The image cache was cleared.","The image cache was cleared."
"The invoice and shipment have been created.","The invoice and shipment have been created."
"The invoice and the shipment  have been created. The shipping label cannot be created at the moment.","The invoice and the shipment  have been created. The shipping label cannot be created at the moment."
"The invoice has been canceled.","The invoice has been canceled."
"The invoice has been captured.","The invoice has been captured."
"The invoice has been created.","The invoice has been created."
"The invoice has been voided.","The invoice has been voided."
"The invoice no longer exists.","The invoice no longer exists."
"The item %s (SKU %s) does not exist in the catalog anymore.","The item %s (SKU %s) does not exist in the catalog anymore."
"The order does not allow creating an invoice.","The order does not allow creating an invoice."
"The order no longer exists.","The order no longer exists."
"The poll has been deleted.","The poll has been deleted."
"The poll has been saved.","The poll has been saved."
"The profile has been deleted.","The profile has been deleted."
"The profile has been saved.","The profile has been saved."
"The profile has been updated.","The profile has been updated."
"The profile has no changes.","The profile has no changes."
"The profile you are trying to save no longer exists","The profile you are trying to save no longer exists"
"The rating has been deleted.","The rating has been deleted."
"The rating has been saved.","The rating has been saved."
"The role has been deleted.","The role has been deleted."
"The role has been saved.","The role has been saved."
"The role has been successfully saved.","The role has been successfully saved."
"The search index has been rebuilt.","The search index has been rebuilt."
"The shipment has been created.","The shipment has been created."
"The shipment has been sent.","The shipment has been sent."
"The shipping label has been created.","The shipping label has been created."
"The tag has been deleted.","The tag has been deleted."
"The tag has been saved.","The tag has been saved."
"The transaction details have been updated.","The transaction details have been updated."
"The user has been deleted.","The user has been deleted."
"The user has been saved.","The user has been saved."
"Themes JavaScript and CSS files combined to one file.","Themes JavaScript and CSS files combined to one file."
"There is an error in one of the option rows.","There is an error in one of the option rows."
"This Account is","This Account is"
"This Email template no longer exists.","This Email template no longer exists."
"This Role no longer exists","This Role no longer exists"
"This Role no longer exists.","This Role no longer exists."
"This account is","This account is"
"This account is inactive.","This account is inactive."
"This action cannot be undone.","This action cannot be undone."
"This attribute set does not have attributes which we can use for configurable product","This attribute set does not have attributes which we can use for configurable product"
"This attribute shares the same value in all the stores","This attribute shares the same value in all the stores"
"This is a demo store. Any orders placed through this store will not be honored or fulfilled.","This is a demo store. Any orders placed through this store will not be honored or fulfilled."
"This is a required field.","این مورد باید پر شود."
"This product is currently disabled.","This product is currently disabled."
"This report depends on timezone configuration. Once timezone is changed, the lifetime statistics need to be refreshed.","This report depends on timezone configuration. Once timezone is changed, the lifetime statistics need to be refreshed."
"This section is not allowed.","This section is not allowed."
"This user no longer exists.","This user no longer exists."
"Time","زمان"
"Time selection:","انتخاب کل:"
"Time:","زمان:"
"Timeout limit for response from synchronize process was reached.","Timeout limit for response from synchronize process was reached."
"To","To"
"To cancel pending authorizations and release amounts that have already been processed during this payment, click Cancel.","To cancel pending authorizations and release amounts that have already been processed during this payment, click Cancel."
"To use PayPal Payflow Link you must configure some settings in your Payflow account by logging into","To use PayPal Payflow Link you must configure some settings in your Payflow account by logging into"
"To use PayPal Payments Advanced you must configure some settings in your PayPal Payments Advanced account by logging into","To use PayPal Payments Advanced you must configure some settings in your PayPal Payments Advanced account by logging into"
"Toggle Editor","Toggle Editor"
"Tools","Tools"
"Top 5 Search Terms","آخرین 5 عبارت جستجو شده"
"Total","جمع"
"Total Invoiced","صورتحساب کل"
"Total Order Amount","مقدار سفارش کل"
"Total Refunded","Total Refunded"
"Total of %d record(s) have been deleted.","Total of %d record(s) have been deleted."
"Total of %d record(s) have been updated.","Total of %d record(s) have been updated."
"Total of %d record(s) were canceled.","Total of %d record(s) were canceled."
"Total of %d record(s) were deleted","Total of %d record(s) were deleted"
"Total of %d record(s) were deleted.","Total of %d record(s) were deleted."
"Total of %d record(s) were updated","Total of %d record(s) were updated"
"Total of %d record(s) were updated.","Total of %d record(s) were updated."
"Track Order","Track Order"
"Track this shipment","Track this shipment"
"Tracking number %s for %s assigned","Tracking number %s for %s assigned"
"Tracking number cannot be empty.","Tracking number cannot be empty."
"Transaction Data","Transaction Data"
"Transaction Details","Transaction Details"
"Transaction ID","Transaction ID"
"Transaction Type","Transaction Type"
"Transactional Emails","Transactional Emails"
"Transactions","Transactions"
"Try Magento Go for Free","Try Magento Go for Free"
"Type","نوع"
"Type:","نوع:"
"URL Rewrite","URL Rewrite"
"URL Rewrite Information","اطلاعات URL Rewrite"
"URL Rewrite Management","مدیریت URL Rewrite"
"Unable to cancel the credit memo.","Unable to cancel the credit memo."
"Unable to find a Email Template to delete.","Unable to find a Email Template to delete."
"Unable to find a poll to delete.","نمی‌توان یک نظرسنجی را برای حذف پیدا کرد."
"Unable to find a tag to delete.","نمی‌توان یک برچسب را برای حذف پیدا کرد."
"Unable to find a user to delete.","نمی‌توان یک کاربر را برای حذف پیدا کرد."
"Unable to initialize import model","Unable to initialize import model"
"Unable to refresh lifetime statistics.","Unable to refresh lifetime statistics."
"Unable to refresh recent statistics.","Unable to refresh recent statistics."
"Unable to save the cron expression.","Unable to save the cron expression."
"Unable to save the invoice.","Unable to save the invoice."
"Unable to send the invoice email.","Unable to send the invoice email."
"Unable to send the shipment email.","Unable to send the shipment email."
"Unable to update transaction details.","Unable to update transaction details."
"Unable to void the credit memo.","Unable to void the credit memo."
"Unknown","نا مشخص"
"Unlimited","نا محدود"
"Update","بروز رسانی"
"Updated At","Updated At"
"Upload File","Upload File"
"Upload Files","Upload Files"
"Upload HTTP Error","Upload HTTP Error"
"Upload I/O Error","Upload I/O Error"
"Upload Security Error","Upload Security Error"
"Upload import file","Upload import file"
"Uploaded file is larger than %.2f kilobytes allowed by server","Uploaded file is larger than %.2f kilobytes allowed by server"
"Use All Available Attributes","Use All Available Attributes"
"Use Config Settings","استفاده از تنظیم‌های پیکربندی"
"Use Default","استفاده از پیش‌فرض"
"Use Default Value","استفاده از مقدار پیش‌فرض"
"Use Default Variable Values","Use Default Variable Values"
"Use FTP Connection","Use FTP Connection"
"Use Website","استفاده از وب‌سایت"
"Used Currently For","Used Currently For"
"Used as Default For","Used as Default For"
"User Email","User Email"
"User ID","User ID"
"User Info","User Info"
"User Information","User Information"
"User Name","نام کاربری"
"User Name is required field.","User Name is required field."
"User Name:","نام کاربری:"
"User Password","کلمه عبور کاربر"
"User Role","User Role"
"User Roles","User Roles"
"User Roles Information","User Roles Information"
"User Type Resources","User Type Resources"
"User name","نام کاربری"
"Users","کاربران"
"VAT Number is Invalid","VAT Number is Invalid"
"VAT Number is Valid","VAT Number is Valid"
"Validation Results","Validation Results"
"Value","Value"
"Value Delimiter:","Value Delimiter:"
"Variable","Variable"
"Variable Code","Variable Code"
"Variable HTML Value","Variable HTML Value"
"Variable ID","Variable ID"
"Variable Name","Variable Name"
"Variable Plain Value","Variable Plain Value"
"Verifier code: %s","Verifier code: %s"
"View Actions XML","View Actions XML"
"View Full Size","View Full Size"
"View Memo","View Memo"
"View Memo for #%s","View Memo for #%s"
"View Shipment","View Shipment"
"View Statistics For:","View Statistics For:"
"Visibility:","Visibility:"
"Warning","اخطار"
"Warning! Empty value can cause problems with CSV format.","Warning! Empty value can cause problems with CSV format."
"Warning!\r\nThis action will remove this user from already assigned role\r\nAre you sure?","Warning!\r\nThis action will remove this user from already assigned role\r\nAre you sure?"
"Warning!\r\nThis action will remove those users from already assigned roles\r\nAre you sure?","Warning!\r\nThis action will remove those users from already assigned roles\r\nAre you sure?"
"Warning: Please do not close the window during importing/exporting data","Warning: Please do not close the window during importing/exporting data"
"Watermark File for %s","Watermark File for %s"
"We appreciate our merchants\' feedback, please <a href=""#"" onclick=""surveyAction(\'yes\'); return false;"">take our survey</a> to provide insight on the features you would like included in Magento. <a href=""#"" onclick=""surveyAction(\'no\'); return false;"">Remove this notification</a>","We appreciate our merchants\' feedback, please <a href=""#"" onclick=""surveyAction(\'yes\'); return false;"">take our survey</a> to provide insight on the features you would like included in Magento. <a href=""#"" onclick=""surveyAction(\'no\'); return false;"">Remove this notification</a>"
"We\'re in our typing table, coding away more features for Magento. Thank you for your patience.","We\'re in our typing table, coding away more features for Magento. Thank you for your patience."
"Web Section","Web Section"
"Web Services","Web Services"
"Web services","Web services"
"Website","وب سایت"
"What is this?","این چیست؟"
"Wishlist Report","Wishlist Report"
"Wishlist item is not loaded.","Wishlist item is not loaded."
"Wrong account specified.","Wrong account specified."
"Wrong billing agreement ID specified.","Wrong billing agreement ID specified."
"Wrong column format.","Wrong column format."
"Wrong newsletter template.","Wrong newsletter template."
"Wrong quote item.","Wrong quote item."
"Wrong tab configuration.","Wrong tab configuration."
"Wrong tag was specified.","Wrong tag was specified."
"Wrong transaction ID specified.","Wrong transaction ID specified."
"XML","XML"
"XML data is invalid.","XML data is invalid."
"XML object is not instance of ""Varien_Simplexml_Element"".","XML object is not instance of ""Varien_Simplexml_Element""."
"YTD","YTD"
"Year","Year"
"Yes","Yes"
"Yes (301 Moved Permanently)","Yes (301 Moved Permanently)"
"Yes (302 Found)","Yes (302 Found)"
"Yes (only price with tax)","Yes (only price with tax)"
"You cannot delete your own account.","You cannot delete your own account."
"You have %s unread message(s).","شما %s پیام(های) ناخوانده دارید."
"You have %s unread message(s). <a href=""%s"">Go to messages inbox</a>.","شما %s پیام(های) نخوانده دارید. <a href=""%s"">رفتن به صندوق پیام ها</a>."
"You have %s, %s and %s unread messages. <a href=""%s"">Go to messages inbox</a>.","شما %s, %s و %s پیام نخوانده دارید. <a href=""%s"">رفتن به صندوق پیام ها</a>."
"You have logged out.","You have logged out."
"You have not enough permissions to use this functionality.","You have not enough permissions to use this functionality."
"You must have JavaScript enabled in your browser to utilize the functionality of this website.","You must have JavaScript enabled in your browser to utilize the functionality of this website."
"You need to specify order items.","You need to specify order items."
"You will need to wait when the action ends.","You will need to wait when the action ends."
"Your answers contain duplicates.","Your answers contain duplicates."
"Your password has been updated.","Your password has been updated."
"Your password reset link has expired.","Your password reset link has expired."
"Your server PHP settings allow you to upload files not more than %s at a time. Please modify post_max_size (currently is %s) and upload_max_filesize (currently is %s) values in php.ini if you want to upload larger files.","Your server PHP settings allow you to upload files not more than %s at a time. Please modify post_max_size (currently is %s) and upload_max_filesize (currently is %s) values in php.ini if you want to upload larger files."
"Your web server is configured incorrectly. As a result, configuration files with sensitive information are accessible from the outside. Please contact your hosting provider.","Your web server is configured incorrectly. As a result, configuration files with sensitive information are accessible from the outside. Please contact your hosting provider."
"Zip/Postal Code","کد پستی"
"Zip/Postal Code:","Zip/Postal Code:"
"[ deleted ]","[ deleted ]"
"[GLOBAL]","[GLOBAL]"
"[STORE VIEW]","[STORE VIEW]"
"[WEBSITE]","[WEBSITE]"
"b","b"
"close","بستن"
"example: ""sitemap/"" or ""/"" for base path (path must be writeable)","example: ""sitemap/"" or ""/"" for base path (path must be writeable)"
"example: sitemap.xml","example: sitemap.xml"
"failed","failed"
"from","from"
"major","مهم"
"minor","جزئی"
"notice","اطلاع"
"store(%s) scope","store(%s) scope"
"successful","موفق"
"to","به"
"website(%s) scope","website(%s) scope"
"{{base_url}} is not recommended to use in a production environment to declare the Base Unsecure URL / Base Secure URL. It is highly recommended to change this value in your Magento <a href=""%s"">configuration</a>.","{{base_url}} is not recommended to use in a production environment to declare the Base Unsecure URL / Base Secure URL. It is highly recommended to change this value in your Magento <a href=""%s"">configuration</a>."
