"# of Use","# of Use"
"%1$s incl tax.","%1$s incl tax."
"%s - %s","%s - %s"
"%s Item(s)","%s مورد(ها)"
"%s and above","%s و بالا"
"(%d)","(%d)"
"(Copy data from: %s)","(Copy data from: %s)"
"* Required Fields","* فیلدهای ضروری"
"-- Please Select --","-- Please Select --"
"86400 by default, if not set. To refresh instantly, Clear the Blocks HTML Output Cache.","86400 by default, if not set. To refresh instantly, Clear the Blocks HTML Output Cache."
"<strong style=""color:red"">Warning!</strong> Applying MAP by default will hide all product prices on the frontend.","<strong style=""color:red"">Warning!</strong> Applying MAP by default will hide all product prices on the frontend."
"A group with the same name already exists.","A group with the same name already exists."
"A name is required","A name is required"
"A product type is not defined for the indexer.","A product type is not defined for the indexer."
"ALL GROUPS","ALL GROUPS"
"AM","AM"
"Action","عملیات"
"Actual Price","قیمت واقعی"
"Add","اضافه کردن"
"Add Attribute","اضافه کردن ویژگی"
"Add Design Change","Add Design Change"
"Add Group","اضافه کردن گروه"
"Add Group Price","اضافه کردن مجموعه قیمت"
"Add New","اضافه کردن جدید"
"Add New Attribute","اضافه کردن ویژگی جدید"
"Add New Attribute Set","اضافه کردن مجموعه ویژگی جدید"
"Add New Group","اضافه کردن گروه جدید"
"Add New Images","اضافه کردن تصویر جدید"
"Add New Option","اضافه کردن گزینه جدید"
"Add New Row","اضافه کردن سطر جدید"
"Add New Search Term","Add New Search Term"
"Add New Set","اضافه کردن مجموعه جدید"
"Add Product","اضافه کردن محصول"
"Add Product To Websites","Add Product To Websites"
"Add Root Category","اضافه کردن دسته بندی ریشه"
"Add Subcategory","اضافه کردن زیر شاخه"
"Add Tax","Add Tax"
"Add Tier","Add Tier"
"Add attribute into attribute set","Add attribute into attribute set"
"Add group into attribute set","Add group into attribute set"
"Add new custom option into product","Add new custom option into product"
"Add new values into custom option","Add new values into custom option"
"Add option","اضافه کردن گزینه"
"Add to Cart","اضافه به سبد"
"Add to Compare","اضافه به لیست مقایسه"
"Add to Wishlist","اضافه به لیست علاقمندیها"
"Additional Information","اطلاعات اضافی"
"Alert Urls","Alert Urls"
"All","همه"
"All Product Types","All Product Types"
"All Websites","All Websites"
"All products of this set will be deleted! Are you sure you want to delete this attribute set?","All products of this set will be deleted! Are you sure you want to delete this attribute set?"
"Allow All Products per Page","Allow All Products per Page"
"Allow Dynamic Media URLs in Products and Categories","Allow Dynamic Media URLs in Products and Categories"
"Allow HTML Tags on Frontend","Allow HTML Tags on Frontend"
"Allowed File Extensions","Allowed File Extensions"
"Allowed file extensions to upload","Allowed file extensions to upload"
"An error occurred while adding products to websites.","An error occurred while adding products to websites."
"An error occurred while clearing comparison list.","An error occurred while clearing comparison list."
"An error occurred while deleting this review.","An error occurred while deleting this review."
"An error occurred while removing products from websites.","An error occurred while removing products from websites."
"An error occurred while saving the URL rewrite","An error occurred while saving the URL rewrite"
"An error occurred while saving the attribute set.","An error occurred while saving the attribute set."
"An error occurred while saving the collection, aborting. Error message: %s","An error occurred while saving the collection, aborting. Error message: %s"
"An error occurred while saving the product. ","An error occurred while saving the product. "
"An error occurred while saving the search query.","An error occurred while saving the search query."
"An error occurred while saving this group.","An error occurred while saving this group."
"An error occurred while saving this review.","An error occurred while saving this review."
"An error occurred while trying to delete the category.","An error occurred while trying to delete the category."
"An error occurred while updating the product(s) attributes.","An error occurred while updating the product(s) attributes."
"An error occurred while updating the product(s) status.","An error occurred while updating the product(s) status."
"An invalid group ID is specified, skipping the record.","An invalid group ID is specified, skipping the record."
"An invalid option ID is specified for %s (%s), skipping the record.","An invalid option ID is specified for %s (%s), skipping the record."
"An invalid store was specified.","An invalid store was specified."
"Anchor Custom Text","Anchor Custom Text"
"Anchor Custom Title","Anchor Custom Title"
"Applicable to catalog products and categories only. Any media content will be inserted into editor as a static URL. It is not updated if the system configuration base URL changes.","Applicable to catalog products and categories only. Any media content will be inserted into editor as a static URL. It is not updated if the system configuration base URL changes."
"Apply MAP (Default Value)","Apply MAP (Default Value)"
"Apply To","Apply To"
"Approved","Approved"
"Are you sure you want to delete this category?","Are you sure you want to delete this category?"
"Are you sure you would like to remove all products from your comparison?","Are you sure you would like to remove all products from your comparison?"
"Are you sure you would like to remove this item from the compare products?","Are you sure you would like to remove this item from the compare products?"
"Are you sure?","Are you sure?"
"As low as:","As low as:"
"Assign","Assign"
"Assign product link","Assign product link"
"Assign product to category","Assign product to category"
"Assigned Products","Assigned Products"
"Associated Products","Associated Products"
"Attrib. Set Name","مجموعه ویژ گی ها"
"Attribute ""%s"" is invalid.","Attribute ""%s"" is invalid."
"Attribute ""%s"" is required.","Attribute ""%s"" is required."
"Attribute Information","اطلاعات ویژگی"
"Attribute Model","Attribute Model"
"Attribute Name:","Attribute Name:"
"Attribute Set","مجموعه ویژگی"
"Attribute Sets","Attribute Sets"
"Attribute add","اضافه کردن ویژگی"
"Attribute code is invalid. Please use only letters (a-z), numbers (0-9) or underscore(_) in this field, first character should be a letter.","Attribute code is invalid. Please use only letters (a-z), numbers (0-9) or underscore(_) in this field, first character should be a letter."
"Attribute group with the \"/name/\" name already exists","Attribute group with the \"/name/\" name already exists"
"Attribute remove","Attribute remove"
"Attribute with the same code already exists","Attribute with the same code already exists"
"Attributes","Attributes"
"Attrribute names can be specified per store.","Attrribute names can be specified per store."
"Autogenerate","Autogenerate"
"Availability:","وضعیت:"
"Back","بازگشت"
"Backend Model","Backend Model"
"Backend Table","Backend Table"
"Backend Table Title","Backend Table Title"
"Backorders","Backorders"
"Based On","Based On"
"Before Order Confirmation","Before Order Confirmation"
"Best Value","با ارزش ترین"
"Block after Info Column","Block after Info Column"
"Bottom Block Options Wrapper","Bottom Block Options Wrapper"
"Bottom/Left","Bottom/Left"
"Bottom/Right","Bottom/Right"
"Browse By","جستجو با"
"Bundle Items","Bundle Items"
"Buy %1$s","Buy %1$s"
"Buy %1$s for","Buy %1$s for"
"Buy %1$s for %2$s","Buy %1$s for %2$s"
"Buy %1$s for %2$s (%3$s incl. tax) each","Buy %1$s for %2$s (%3$s incl. tax) each"
"Buy %1$s for %2$s each","Buy %1$s for %2$s each"
"Cache Lifetime (Seconds)","Cache Lifetime (Seconds)"
"Cache refresh needed.","Cache refresh needed."
"Can be Divided into Multiple Boxes for Shipping","Can be Divided into Multiple Boxes for Shipping"
"Can be used only with catalog input type Dropdown","Can be used only with catalog input type Dropdown"
"Can be used only with catalog input type Dropdown, Multiple Select and Price","Can be used only with catalog input type Dropdown, Multiple Select and Price"
"Can\'t create image.","Can\'t create image."
"Cancel","Cancel"
"Cannot create image.","Cannot create image."
"Cannot create writeable directory '%s'.","Cannot create writeable directory '%s'."
"Cart Item Attribute","Cart Item Attribute"
"Catalog","کاتالوگ"
"Catalog Category (Anchor)","Catalog Category (Anchor)"
"Catalog Category (Non-Anchor)","Catalog Category (Non-Anchor)"
"Catalog Category (Without Subcategories)","Catalog Category (Without Subcategories)"
"Catalog Category Link","Catalog Category Link"
"Catalog New Products List","Catalog New Products List"
"Catalog Price Scope","Catalog Price Scope"
"Catalog Product Compare List","Catalog Product Compare List"
"Catalog Product Email to a Friend","Catalog Product Email to a Friend"
"Catalog Product Image Gallery Popup","Catalog Product Image Gallery Popup"
"Catalog Product Link","Catalog Product Link"
"Catalog Product View (Any)","Catalog Product View (Any)"
"Catalog Product View (Configurable)","Catalog Product View (Configurable)"
"Catalog Product View (Grouped)","Catalog Product View (Grouped)"
"Catalog Product View (Simple)","Catalog Product View (Simple)"
"Catalog Product View (Virtual)","Catalog Product View (Virtual)"
"Catalog Section","Catalog Section"
"Catalog Seo Popular Search Terms","Catalog Seo Popular Search Terms"
"Catalog Seo Sitemap (Category List)","Catalog Seo Sitemap (Category List)"
"Catalog Seo Sitemap (Category Tree)","Catalog Seo Sitemap (Category Tree)"
"Catalog Seo Sitemap (Common)","Catalog Seo Sitemap (Common)"
"Catalog Seo Sitemap (Product List)","Catalog Seo Sitemap (Product List)"
"Catalog URL Rewrites","Catalog URL Rewrites"
"Catalog product custom option values API","Catalog product custom option values API"
"Catalog product custom options API","Catalog product custom options API"
"Catalog, Search","Catalog, Search"
"Categories","دسته بندی ها"
"Categories Sitemap","نقشه سایت براساس دسته بندی"
"Category","دسته بندی"
"Category API","Category API"
"Category Data","Category Data"
"Category Flat Data","Category Flat Data"
"Category Link Block Template","Category Link Block Template"
"Category Link Inline Template","Category Link Inline Template"
"Category Products","Category Products"
"Category Top Navigation","Category Top Navigation"
"Category URL Suffix","Category URL Suffix"
"Category attributes API","Category attributes API"
"Category move error","Category move error"
"Category move operation is not possible: parent category is equal to child category.","Category move operation is not possible: parent category is equal to child category."
"Category move operation is not possible: the current category was not found.","Category move operation is not possible: the current category was not found."
"Category move operation is not possible: the new parent category was not found.","Category move operation is not possible: the new parent category was not found."
"Category must be an instance of Mage_Catalog_Model_Category.","Category must be an instance of Mage_Catalog_Model_Category."
"Center","Center"
"Change","تغییر"
"Change or Retrieve attribute store view","Change or Retrieve attribute store view"
"Change status","Change status"
"Check items to add to the cart or","Check items to add to the cart or"
"Choose an Option...","یک گزینه را انتخاب کنید..."
"Clear All","پاک کردن همه موارد"
"Clear Price","پاک کردن قیمت"
"Click for price","Click for price"
"Close Window","بستن پنجره"
"Collapse All","بستن همه"
"Comma-separated.","جدا شده با کاما."
"Comparable","قابل مقایسه"
"Comparable on Front-end","Comparable on Front-end"
"Comparable on the Frontend","Comparable on the Frontend"
"Compare","مقایسه کردن"
"Compare Products","مقایسه محصولات"
"Conditions Combination","ترکیب شرایط"
"Configurable Product","Configurable Product"
"Configurable Product Settings","Configurable Product Settings"
"Configure Product","Configure Product"
"Continue","ادامه"
"Copy From Configurable","Copy From Configurable"
"Country/State","Country/State"
"Create","Create"
"Create (Upload)","Create (Upload)"
"Create Empty","Create Empty"
"Create Permanent Redirect for URLs if URL Key Changed","Create Permanent Redirect for URLs if URL Key Changed"
"Create Permanent Redirect for old URL","Create Permanent Redirect for old URL"
"Create Product Settings","Create Product Settings"
"Create Simple Associated Product","Create Simple Associated Product"
"Create attribute set based on another set","Create attribute set based on another set"
"Create new attribute","ایجاد ویژگی جدید"
"Create new category","ایجاد دسته بندی جدید"
"Create new product","ایجاد محصول جدید"
"Cross-sells","محصولات فروش نهایی"
"Currently Shopping by:","در حال حاضر خرید با"
"Custom Design","طراحی سفارشی"
"Custom Options","گزینه های سفارشی"
"Custom options","گزینه های سفارشی"
"Customer Group","گروه مشتری"
"Customers Reviews","Customers Reviews"
"Customers Tagged Product","برچسب های محصول توسط مشتریان"
"Data Type for Saving in Database","Data Type for Saving in Database"
"Date & Time Custom Options","Date & Time Custom Options"
"Date Fields Order","Date Fields Order"
"Date Subscribed","Date Subscribed"
"Datetime","Datetime"
"Decimal","Decimal"
"Declare attribute value saving scope","Declare attribute value saving scope"
"Default ""What's This"" Text Message","Default ""What's This"" Text Message"
"Default Popup Text Message","Default Popup Text Message"
"Default Price","قیمت اولیه"
"Default Price Navigation Step","Default Price Navigation Step"
"Default Qty","مقدار پیش فرض"
"Default Values","مقادیر پیش فرض"
"Defines the base currency scope (""Currency Setup"" > ""Currency Options"" > ""Base Currency"").","Defines the base currency scope (""Currency Setup"" > ""Currency Options"" > ""Base Currency"")."
"Delete","Delete"
"Delete Attribute","حذف ویژگی"
"Delete Attribute Set","حذف مجموعه ویژگی ها"
"Delete Category","حذف دسته بندی"
"Delete Group Price","حذف مجموعه قیمت"
"Delete Option","حذف گزینه"
"Delete Row","حذف سطر"
"Delete Search","حذف جستجو"
"Delete Selected Group","حذف گروه انتخاب شده"
"Delete Tier","Delete Tier"
"Delete attribute","حذف ویژگی"
"Delete category","حذف دسته بندی"
"Delete product","حذف محصول"
"Depends on design theme","Depends on design theme"
"Design","Design"
"Details","جزئیات"
"Disabled","غیر فعال"
"Disallowed file type.","Disallowed file type."
"Display Actual Price","Display Actual Price"
"Display Price Interval as One Price","Display Price Interval as One Price"
"Display Product Count","Display Product Count"
"Display in Suggested Terms","Display in Suggested Terms"
"Double click on a group to rename it","برای تغییر نام گروه برروی آن دابل کلیک کنید"
"Double click on above image to view full picture","برای مشاهده کامل عکس بالا برروی آن دابل کلیک کنید"
"Downloadable Information","اطلاعات دنلود"
"Duplicate","رونوشت"
"Duplicate website group price customer group.","Duplicate website group price customer group."
"Duplicate website tier price customer group and quantity.","Duplicate website tier price customer group and quantity."
"Duplicate website, country and state tax found.","Duplicate website, country and state tax found."
"E.g. {{media url=""path/to/image.jpg""}} {{skin url=""path/to/picture.gif""}}. Dynamic directives parsing impacts catalog performance.","E.g. {{media url=""path/to/image.jpg""}} {{skin url=""path/to/picture.gif""}}. Dynamic directives parsing impacts catalog performance."
"Edit","ویرایش"
"Edit Attribute Set '%s'",",ویرایش مجموعه ویژگی  '%s'"
"Edit Product Attribute","ویرایش ویژگی محصول"
"Edit Product Attribute ""%s""","ویرایش ویژگی محصول ""%s"""
"Edit Search","ویرایش جستجو"
"Edit Search '%s'","ویرایش جستجو '%s'"
"Edit Set Name","ویرایش نام مجموعه"
"Email","پست الکترونیکی"
"Email to a Friend","ارسال از طریق ایمیل به دوستان"
"Empty","خالی"
"Enable MAP","Enable MAP"
"Enable Qty Increments","Enable Qty Increments"
"Enable WYSIWYG","Enable WYSIWYG"
"Enabled","Enabled"
"Error during retrieval of option value: %s","Error during retrieval of option value: %s"
"Exclude","Exclude"
"Expand All","بازکردن همه"
"Failed","Failed"
"Failed to copy file %s. Please, delete media with non-existing images and try again.","Failed to copy file %s. Please, delete media with non-existing images and try again."
"Failed to move file: %s","Failed to move file: %s"
"Feature Products","Feature Products"
"Field is not complete","Field is not complete"
"File options format is not valid.","File options format is not valid."
"File upload failed","File upload failed"
"Filter model name must be declared.","نام مدل فیلتر باید اعلام شود"
"Filter must be an object. Please set correct filter.","فیلتر باید یک شئ باشد. لطفاً فیلتر صحیح را تنظیم کنید"
"Filterable (no results)","قابل فیلتر شدن (بدون نتیجه)"
"Filterable (with results)","قابل فیلتر شدن (با نتیجه)"
"First Name","نام"
"Fixed","Fixed"
"For internal use.","برای استفاده داخل سیستم."
"For the last time placed.","For the last time placed."
"Frontend","Frontend"
"Frontend Model","Frontend Model"
"Frontend Properties","مشخصه های ظاهر"
"Gallery","گالری"
"General Information","اطلاعات کلی"
"Get full information about attribute with list of options","Get full information about attribute with list of options"
"Get full information about custom option in product","Get full information about custom option in product"
"Get list of available custom option types","Get list of available custom option types"
"Get list of non-default attributes by product type and attributes set","Get list of non-default attributes by product type and attributes set"
"Get list of possible attribute types","Get list of possible attribute types"
"Get special price","Get special price"
"Global","سراسری"
"Globally Editable","Globally Editable"
"Go to Home Page","برگرد به خانه"
"Grid","جدول"
"Group add","اضافه کردن گروه"
"Group remove","حذف گروه"
"Grouped Product","Grouped Product"
"Groups","گروه ها"
"Home","خانه"
"ID","شناسه"
"ID: %s","شناسه: %s"
"If empty, the Category Name will be used","If empty, the Category Name will be used"
"If empty, the Product Name will be used","If empty, the Product Name will be used"
"If you do not specify an option value for a specific store view then the default (Admin) value will be used.","If you do not specify an option value for a specific store view then the default (Admin) value will be used."
"Image","تصویر"
"Image content is not valid base64 data.","Image content is not valid base64 data."
"Image does not exist.","Image does not exist."
"Image file was not found.","Image file was not found."
"Image type and information need to be specified for each store view.","Image type and information need to be specified for each store view."
"In Cart","In Cart"
"In Stock","موجود در انبار"
"In stock","موجود در انبار"
"Incl. Tax","Incl. Tax"
"Index product and categories URL rewrites","Index product and categories URL rewrites"
"Index product attributes for layered navigation building","Index product attributes for layered navigation building"
"Index product prices","Index product prices"
"Indexed category/products association","Indexed category/products association"
"Info","Info"
"Info Column Options Wrapper","Info Column Options Wrapper"
"Input Type","Input Type"
"Integer","Integer"
"Interval Division Limit","Interval Division Limit"
"Invalid Tier Prices","Invalid Tier Prices"
"Invalid attribute %s","Invalid attribute %s"
"Invalid attribute option specified for attribute %s (%s), skipping the record.","Invalid attribute option specified for attribute %s (%s), skipping the record."
"Invalid attribute set specified, skipping the record.","Invalid attribute set specified, skipping the record."
"Invalid block: %s.","بلوک اشتباه: %s."
"Invalid category IDs.","Invalid category IDs."
"Invalid category.","Invalid category."
"Invalid image file type.","Invalid image file type."
"Invalid image type.","Invalid image type."
"Invalid option ID specified for %s (%s), skipping the record.","Invalid option ID specified for %s (%s), skipping the record."
"Invalid product type specified, skipping the record.","Invalid product type specified, skipping the record."
"Invalid store specified","Invalid store specified"
"Invalid store specified, skipping the record.","Invalid store specified, skipping the record."
"Invalid tier prices. The product is not associated to the requested website.","Invalid tier prices. The product is not associated to the requested website."
"Inventory","انبار"
"Is Default","پیش فرض است"
"Is Required","مورد نیاز است"
"Items %s to %s of %s total","موارد %s تا %s از %s مورد"
"Items that you do not want to show in the catalog or search results should have status 'Disabled' in the desired store.","Items that you do not want to show in the catalog or search results should have status 'Disabled' in the desired store."
"Items that you don't want to show in the catalog or search results should have status 'Disabled' in the desired store.","Items that you don't want to show in the catalog or search results should have status 'Disabled' in the desired store."
"Keep your eyes open for our special Back to School items and save A LOT!","Keep your eyes open for our special Back to School items and save A LOT!"
"Label","برچسب"
"Last Name","نام خانوادگی"
"Last Notification","Last Notification"
"Layered Navigation","Layered Navigation"
"Learn More","بیشتر بدانید"
"Line %d, Email: %s","Line %d, Email: %s"
"Line %d, SKU: %s","Line %d, SKU: %s"
"Link (Related, Up sell, Cross sell)","Link (Related, Up sell, Cross sell)"
"Link product does not exist.","Link product does not exist."
"Link to a Specified Category","Link to a Specified Category"
"Link to a Specified Product","Link to a Specified Product"
"List","فهرست"
"List Mode","List Mode"
"List of Products that are set as New","List of Products that are set as New"
"List of types","List of types"
"Manage Attribute Sets","مدیریت مجموعه ویژگی ها"
"Manage Attributes","مدیریت ویژگی ها"
"Manage Catalog Categories","Manage Catalog Categories"
"Manage Categories","مدیریت دسته بندی ها"
"Manage Label / Options","مدیریت برچسب / گزینه ها"
"Manage Options (values of your attribute)","Manage Options (values of your attribute)"
"Manage Product Attributes","Manage Product Attributes"
"Manage Product Sets","Manage Product Sets"
"Manage Products","مدیریت محصولات"
"Manage Stock","Manage Stock"
"Manage Titles (Size, Color, etc.)","Manage Titles (Size, Color, etc.)"
"Max Characters","Max Characters"
"Maximal Depth","Maximal Depth"
"Maximum Image Size","Maximum Image Size"
"Maximum Number of Price Intervals","Maximum Number of Price Intervals"
"Maximum Qty Allowed in Shopping Cart","Maximum Qty Allowed in Shopping Cart"
"Maximum allowed image size for '%s' is %sx%s px.","Maximum allowed image size for '%s' is %sx%s px."
"Maximum image height","Maximum image height"
"Maximum image width","Maximum image width"
"Maximum number of characters:","Maximum number of characters:"
"Maximum number of price intervals is 100","Maximum number of price intervals is 100"
"Media Image","Media Image"
"Minimum Advertised Price","Minimum Advertised Price"
"Minimum Lines per Page","Minimum Lines per Page"
"Minimum Qty Allowed in Shopping Cart","Minimum Qty Allowed in Shopping Cart"
"Minimum Qty for Item\'s Status to be Out of Stock","Minimum Qty for Item\'s Status to be Out of Stock"
"Missing SKU, skipping the record.","Missing SKU, skipping the record."
"More Views","تصاویر بیشتر"
"Move","Move"
"Move category in tree","Move category in tree"
"Must be in the allowed values list.","Must be in the allowed values list."
"N/A","N/A"
"Name","نام"
"Name in %s","نام در %s"
"New Product","محصول جدید"
"New Product Attribute","New Product Attribute"
"New Products","محصولات جدید"
"New Products Grid Template","New Products Grid Template"
"New Products List Template","New Products List Template"
"New Root Category","دسته بندی ریشه جدید"
"New Search","New Search"
"New Set Name","New Set Name"
"New Subcategory","زیرشاخه جدید"
"Next","بعدی"
"No","خیر"
"No image","No image"
"No layout updates","به روز رسانی نمایه وجود ندارد"
"No options of this product are available.","هیچ گزینه اختيارى از این محصول موجود نیست."
"No product collections found.","No product collections found."
"None","None"
"Not Visible Individually","Not Visible Individually"
"Notify Low Stock RSS","Notify Low Stock RSS"
"Notify for Quantity Below","Notify for Quantity Below"
"Number of Products to Display","Number of Products to Display"
"Number of Uses","Number of Uses"
"Number of results","Number of results"
"Number of results (For the last time placed)","Number of results (For the last time placed)"
"OK","OK"
"OR","یا"
"Old Price:","قیمت قبلی:"
"On Gesture","On Gesture"
"Option validation failed to add product to cart.","Option validation failed to add product to cart."
"Option values","Option values"
"Option:","Option:"
"Options","Options"
"Options Control","Options Control"
"Options is required","Options is required"
"Our customer service is available 24/7. Call us at (555) 555-0123.","Our customer service is available 24/7. Call us at (555) 555-0123."
"Out of Stock","موجود نیست"
"Out of stock","موجود نیست"
"PM","PM"
"Page Title Separator","Page Title Separator"
"Parent Category","Parent Category"
"Pending","در حال انتظار"
"Pending Reviews RSS","Pending Reviews RSS"
"Percentage","Percentage"
"Please add rows to option.","Please add rows to option."
"Please be careful as once you click on the row it will load package data form the selected file and all unsaved form data will be lost.","Please be careful as once you click on the row it will load package data form the selected file and all unsaved form data will be lost."
"Please click on the Close Window button if it is not closed automatically.","Please click on the Close Window button if it is not closed automatically."
"Please enter a new group name","Please enter a new group name"
"Please refresh ""Catalog URL Rewrites"" and ""Product Attributes"" in System -> <a href=""%s"">Index Management</a>","Please refresh ""Catalog URL Rewrites"" and ""Product Attributes"" in System -> <a href=""%s"">Index Management</a>"
"Please select a static block ...","لطفا بلاک استاتیک را مشخص کنید ..."
"Please select items.","Please select items."
"Please select one or more attributes.","Please select one or more attributes."
"Please select product(s).","Please select product(s)."
"Please select products for attributes update","Please select products for attributes update"
"Please specify date required option(s).","Please specify date required option(s)."
"Please specify the number of products, that will not be divided into subintervals.","Please specify the number of products, that will not be divided into subintervals."
"Please specify the product required option(s)","Please specify the product required option(s)"
"Please specify the product required option(s).","Please specify the product required option(s)."
"Please specify the product\'s option(s).","Please specify the product\'s option(s)."
"Please specify the product\'s required option(s).","Please specify the product\'s required option(s)."
"Please specify the quantity of product(s).","Please specify the quantity of product(s)."
"Please specify time required option(s).","Please specify time required option(s)."
"Please wait...","Please wait..."
"Position","موقعیت"
"Position in Layered Navigation","Position in Layered Navigation"
"Position of attribute in layered navigation block","Position of attribute in layered navigation block"
"Prev","پیش نمایش"
"Previous","قبلی"
"Price","قیمت"
"Price Navigation Step Calculation","Price Navigation Step Calculation"
"Price Type","Price Type"
"Price is not available","Price is not available"
"Price values for options should be specified in system base currency.","Price values for options should be specified in system base currency."
"Price:","قیمت:"
"Price: %s","قیمت: %s"
"Print This Page","چاپ این صفحه"
"Product","محصول"
"Product API","Product API"
"Product Alerts","Product Alerts"
"Product Attribute","مشخصه محصول"
"Product Attributes","Product Attributes"
"Product Categories","Product Categories"
"Product Description","شرح محصول"
"Product Extra Info","Product Extra Info"
"Product Flat Data","Product Flat Data"
"Product ID","Product ID"
"Product Image Placeholders","Product Image Placeholders"
"Product Image Watermarks","Product Image Watermarks"
"Product Images","Product Images"
"Product Images API","Product Images API"
"Product In Websites","Product In Websites"
"Product Info Column","Product Info Column"
"Product Information","اطلاعات محصول"
"Product Link Block Template","Product Link Block Template"
"Product Link Inline Template","Product Link Inline Template"
"Product Listing Sort by","Product Listing Sort by"
"Product Name","نام محصول"
"Product Prices","قیمت های محصول"
"Product Reviews","نظر دیگران"
"Product Tags","برچسب های محصول"
"Product Tier Price API","Product Tier Price API"
"Product Type","Product Type"
"Product URL Suffix","Product URL Suffix"
"Product View Extra Hint","Product View Extra Hint"
"Product attribute sets API","Product attribute sets API"
"Product attributes API","Product attributes API"
"Product collection expected.","Product collection expected."
"Product is not loaded","Product is not loaded"
"Product links API (related, cross sells, up sells)","Product links API (related, cross sells, up sells)"
"Product name","Product name"
"Product types API","Product types API"
"Product with this combination of attributes already associated to configurable.","Product with this combination of attributes already associated to configurable."
"Products","محصولات"
"Products Comparison List","Products Comparison List"
"Products Information","Products Information"
"Products Reviews","Products Reviews"
"Products Sitemap","نقشه سایت براساس محصولات"
"Products only","فقط محصولات"
"Products per Page on Grid Allowed Values","Products per Page on Grid Allowed Values"
"Products per Page on Grid Default Value","Products per Page on Grid Default Value"
"Products per Page on List Allowed Values","Products per Page on List Allowed Values"
"Products per Page on List Default Value","Products per Page on List Default Value"
"Properties","مشخصه ها"
"Qty","تعداد"
"Qty Increments","Qty Increments"
"Qty Uses Decimals","Qty Uses Decimals"
"Qty for Item\'s Status to Become Out of Stock","Qty for Item\'s Status to Become Out of Stock"
"Qty:","Qty:"
"Quantity","Quantity"
"Quick Create","Quick Create"
"Quick Overview","مرور سریع"
"Quick simple product creation","Quick simple product creation"
"Records for ""","Records for """
"Redirect","Redirect"
"Redirect URL","Redirect URL"
"Regular Price:","قیمت عادی:"
"Related Products","محصولات مرتبط"
"Remove","حذف"
"Remove Product From Websites","Remove Product From Websites"
"Remove This Item","حذف این مورد"
"Remove attribute from attribute set","Remove attribute from attribute set"
"Remove attribute set","Remove attribute set"
"Remove custom option","Remove custom option"
"Remove group from attribute set","Remove group from attribute set"
"Remove option","Remove option"
"Remove product assignment","Remove product assignment"
"Remove product image","Remove product image"
"Remove product link","Remove product link"
"Remove value from custom option","Remove value from custom option"
"Rename existing group","Rename existing group"
"Rename group","Rename group"
"Reorganize EAV category structure to flat structure","Reorganize EAV category structure to flat structure"
"Reorganize EAV product structure to flat structure","Reorganize EAV product structure to flat structure"
"Reset","بازنشانی"
"Results","نتایج"
"Retrieve attribute data","Retrieve attribute data"
"Retrieve attribute list","Retrieve attribute list"
"Retrieve attribute options","Retrieve attribute options"
"Retrieve categories tree","Retrieve categories tree"
"Retrieve category attributes","Retrieve category attributes"
"Retrieve category data","Retrieve category data"
"Retrieve hierarchical tree","Retrieve hierarchical tree"
"Retrieve linked products","Retrieve linked products"
"Retrieve list of assigned products","Retrieve list of assigned products"
"Retrieve list of option values","Retrieve list of option values"
"Retrieve list of product custom options","Retrieve list of product custom options"
"Retrieve one level of categories by website/store view/parent category","Retrieve one level of categories by website/store view/parent category"
"Retrieve option value info","Retrieve option value info"
"Retrieve product","Retrieve product"
"Retrieve product attribute sets","Retrieve product attribute sets"
"Retrieve product image","Retrieve product image"
"Retrieve product image list","Retrieve product image list"
"Retrieve product image types","Retrieve product image types"
"Retrieve product link type attributes","Retrieve product link type attributes"
"Retrieve product link types","Retrieve product link types"
"Retrieve product tier prices","Retrieve product tier prices"
"Retrieve product types","Retrieve product types"
"Retrieve products data","Retrieve products data"
"Retrieve products list by filters","Retrieve products list by filters"
"Reviews","Reviews"
"Roll Over for preview","Roll Over for preview"
"Root","Root"
"SKU","SKU"
"SKU length should be %s characters maximum.","SKU length should be %s characters maximum."
"Save","ذخیره"
"Save Attribute","ذخیره ویژگی"
"Save Attribute Set","ذخیره مجموعه ویژگی"
"Save Category","ذخیره دسته بندی"
"Save Search","ذخیره جستجو"
"Save and Continue Edit","ذخیره و ادامه ویرایش"
"Saved %d record(s)","Saved %d record(s)"
"Scope","حوزه"
"Scope must not be changed, because the attribute is used in configurable products.","Scope must not be changed, because the attribute is used in configurable products."
"Search","جستجو"
"Search Engine Optimizations","Search Engine Optimizations"
"Search Information","Search Information"
"Search Query","Search Query"
"Search Term with such search query already exists.","Search Term with such search query already exists."
"Searchable","قابل جستجو"
"See price before order confirmation.","See price before order confirmation."
"Select Category...","Select Category..."
"Select Configurable Attributes ","Select Configurable Attributes "
"Select Product...","Select Product..."
"Select type of option","Select type of option"
"Select type options required values rows.","Select type options required values rows."
"Selected Product Types","انواع محصول انتخاب شده"
"Selected configuration is not available.","تنظیمات انتخاب شده موجود نیست"
"Send Count","Send Count"
"Set Ascending Direction","جهت افزایشی"
"Set Descending Direction","تغییر به ترتیب نزولی"
"Set Name","Set Name"
"Set Root Category for Store","Set Root Category for Store"
"Set root category for this store in the <a href=""%s"">configuration</a>","Set root category for this store in the <a href=""%s"">configuration</a>"
"Set special price","Set special price"
"Set/Get current store view","Set/Get current store view"
"Settings","Settings"
"Shop By","خرید با"
"Shopping Options","گزینه های خرید"
"Show","نمایش"
"Show Details","Show Details"
"Show Tags","Show Tags"
"Simple Product","Simple Product"
"Site Map","نقشه سایت"
"Sitemap","Sitemap"
"Skip import row, is not valid value ""%s"" for field ""%s""","Skip import row, is not valid value ""%s"" for field ""%s"""
"Skip import row, required field ""%s"" for the new customer is not defined.","Skip import row, required field ""%s"" for the new customer is not defined."
"Skip import row, the value ""%s"" is invalid for field ""%s""","Skip import row, the value ""%s"" is invalid for field ""%s"""
"Skipping import row, required field ""%s"" for new products is not defined.","Skipping import row, required field ""%s"" for new products is not defined."
"Skipping import row, required field ""%s"" is not defined.","Skipping import row, required field ""%s"" is not defined."
"Skipping import row, store ""%s"" field does not exist.","Skipping import row, store ""%s"" field does not exist."
"Skipping import row, the value ""%s"" is not valid for the ""%s"" field.","Skipping import row, the value ""%s"" is not valid for the ""%s"" field."
"Some of the processed products have no SKU value defined. Please fill it prior to performing operations on these products.","Some of the processed products have no SKU value defined. Please fill it prior to performing operations on these products."
"Some of the products below do not have all the required options. Please edit them and configure all the required options.","Some of the products below do not have all the required options. Please edit them and configure all the required options."
"Sort By","مرتب سازی براساس"
"Sort Order","ترتیب مرتب سازی"
"Source Model","Source Model"
"Special Expires On: %s","Special Expires On: %s"
"Special Price:","قیمت ویژه:"
"Special Price: %s","قیمت ویژه: %s"
"Starting at:","شروع از:"
"Static","Static"
"Static block and products","بلوک ایستا و محصولات"
"Static block only","فقط بلوک ایستا"
"Status","وضعیت"
"Stock Availability","وضعیت موجوی در انبار"
"Store","فروشگاه"
"Store View","ظاهر فروشگاه"
"Stretch","Stretch"
"Subscribe to RSS Feed","Subscribe to RSS Feed"
"Super product attributes configuration","Super product attributes configuration"
"Synonym For","Synonym For"
"System Properties","System Properties"
"Tag Name","Tag Name"
"Tax","مالیات"
"Template","Template"
"Text","Text"
"The Flat Catalog module has a limit of %2\$d filterable and/or sortable attributes. Currently there are %1\$d of them. Please reduce the number of filterable/sortable attributes in order to use this module","The Flat Catalog module has a limit of %2\$d filterable and/or sortable attributes. Currently there are %1\$d of them. Please reduce the number of filterable/sortable attributes in order to use this module"
"The attribute model is not defined","The attribute model is not defined"
"The attribute set has been saved.","The attribute set has been saved."
"The base directory to upload file is not specified.","The base directory to upload file is not specified."
"The category has been deleted.","The category has been deleted."
"The category has been saved.","دسته بندی با موفقیت ذخیره شد."
"The comparison list was cleared.","The comparison list was cleared."
"The file '%s' for '%s' has an invalid extension","The file '%s' for '%s' has an invalid extension"
"The file '%s' you uploaded is larger than %s Megabytes allowed by server","The file '%s' you uploaded is larger than %s Megabytes allowed by server"
"The file you uploaded is larger than %s Megabytes allowed by server","The file you uploaded is larger than %s Megabytes allowed by server"
"The filters must be an array.","The filters must be an array."
"The image contents is not valid base64 data.","The image contents is not valid base64 data."
"The image is not specified.","The image is not specified."
"The model collection resource name is not defined.","The model collection resource name is not defined."
"The product %s has been added to comparison list.","محصول '%s' به لیست مقایسه اضافه شد."
"The product %s has been removed from comparison list.","The product %s has been removed from comparison list."
"The product attribute has been deleted.","The product attribute has been deleted."
"The product attribute has been saved.","The product attribute has been saved."
"The product has been created.","The product has been created."
"The product has been deleted.","The product has been deleted."
"The product has been duplicated.","The product has been duplicated."
"The product has been saved.","The product has been saved."
"The product has required options","The product has required options"
"The review has been deleted","The review has been deleted"
"The review has been saved.","The review has been saved."
"The review was removed by another user or does not exist.","The review was removed by another user or does not exist."
"The search was deleted.","The search was deleted."
"The text is too long","The text is too long"
"There are no %s available.","There are no %s available."
"There are no customers for this alert","There are no customers for this alert"
"There are no customers for this alert.","There are no customers for this alert."
"There are no products matching the selection.","محصولی منطبق با مورد انتخاب شده وجود ندارد."
"There was an error while request processing.","There was an error while request processing."
"This Attribute no longer exists","This Attribute no longer exists"
"This attribute cannot be deleted.","This attribute cannot be deleted."
"This attribute cannot be edited.","This attribute cannot be edited."
"This attribute cannot be updated.","This attribute cannot be updated."
"This attribute is used in configurable products.","This attribute is used in configurable products."
"This attribute is used in configurable products. You cannot remove it from the attribute set.","This attribute is used in configurable products. You cannot remove it from the attribute set."
"This attribute no longer exists","This attribute no longer exists"
"This attribute set no longer exists.","This attribute set no longer exists."
"This group contains attributes, used in configurable products. Please move these attributes to another group and try again.","This group contains attributes, used in configurable products. Please move these attributes to another group and try again."
"This group contains system attributes. Please move system attributes to another group and try again.","This group contains system attributes. Please move system attributes to another group and try again."
"This is a required option","This is a required option"
"This product no longer exists.","This product no longer exists."
"This search no longer exists.","This search no longer exists."
"This setting will be applied when all prices in the specific price interval are equal.","This setting will be applied when all prices in the specific price interval are equal."
"Tier Pricing","Tier Pricing"
"Tile","Tile"
"Time Format","Time Format"
"Title","عنوان"
"To reindex the enabled product(s), the store or product must be specified","To reindex the enabled product(s), the store or product must be specified"
"To see product price, add this item to your cart. You can always remove it later.","To see product price, add this item to your cart. You can always remove it later."
"Top/Left","Top/Left"
"Top/Right","Top/Right"
"Total Qty Base Items","Total Qty Base Items"
"Total incl. Tax: %1$s","Total incl. Tax: %1$s"
"Total of %d record(s) have been deleted.","Total of %d record(s) have been deleted."
"Total of %d record(s) have been updated.","Total of %d record(s) have been updated."
"Total of %d record(s) were updated","Total of %d record(s) were updated"
"Type","Type"
"URL Rewrite Management","URL Rewrite Management"
"Unable to complete this request.","Unable to complete this request."
"Unable to find a search term to delete.","Unable to find a search term to delete."
"Unable to find an attribute to delete.","Unable to find an attribute to delete."
"Unable to get the product ID.","Unable to get the product ID."
"Unassigned Attributes","ویژگی های اختصاص داده نشده"
"Unknown EAV indexer type ""%s"".","Unknown EAV indexer type ""%s""."
"Unknown attribute: %s.","Unknown attribute: %s."
"Unsupported product type ""%s"".","Unsupported product type ""%s""."
"Up-sells","محصولات توصیه شده"
"Update","بروز رسانی"
"Update Attributes","Update Attributes"
"Update Tier Price","Update Tier Price"
"Update assigned product","Update assigned product"
"Update attribute","Update attribute"
"Update attributes","Update attributes"
"Update category","Update category"
"Update custom option of product","Update custom option of product"
"Update product","Update product"
"Update product image","Update product image"
"Update product link","Update product link"
"Update product tier prices","Update product tier prices"
"Update value of custom option","Update value of custom option"
"Upload new product image ","Upload new product image "
"Use Canonical Link Meta Tag For Categories","Use Canonical Link Meta Tag For Categories"
"Use Canonical Link Meta Tag For Products","Use Canonical Link Meta Tag For Products"
"Use Categories Path for Product URLs","Use Categories Path for Product URLs"
"Use Config Settings","Use Config Settings"
"Use Default Value","Use Default Value"
"Use Flat Catalog Category","Use Flat Catalog Category"
"Use Flat Catalog Product","Use Flat Catalog Product"
"Use In Layered Navigation","استفاده در لایه کنترل"
"Use In Search Results Layered Navigation","Use In Search Results Layered Navigation"
"Use JavaScript Calendar","Use JavaScript Calendar"
"Use Static URLs for Media Content in WYSIWYG for Catalog","Use Static URLs for Media Content in WYSIWYG for Catalog"
"Use To Create Configurable Product","Use To Create Configurable Product"
"Use Tree Like Category Sitemap","Use Tree Like Category Sitemap"
"Use config","Use config"
"Use default","Use default"
"Use for Promo Rule Conditions","Use for Promo Rule Conditions"
"Use four-digit year format.","Use four-digit year format."
"Use in Advanced Search","Use in Advanced Search"
"Use in Layered Navigation","استفاده در لایه کنترل"
"Use in Layered Navigation<br/>(Can be used only with catalog input type 'Dropdown')","Use in Layered Navigation<br/>(Can be used only with catalog input type 'Dropdown')"
"Use in Quick Search","Use in Quick Search"
"Used for Sorting in Product Listing","Used for Sorting in Product Listing"
"Used in Product Listing","Used in Product Listing"
"Value for ""%s"" is invalid.","Value for ""%s"" is invalid."
"Value for ""%s"" is invalid: %s","Value for ""%s"" is invalid: %s"
"Varchar","Varchar"
"View as","نمایش به صورت"
"Virtual Product","Virtual Product"
"Visibility","وضعیت نمایش"
"Visible","قابل نمایش"
"Visible on Catalog Pages on Front-end","Visible on Catalog Pages on Front-end"
"Visible on Product View Page on Front-end","Visible on Product View Page on Front-end"
"WYSIWYG Editor","WYSIWYG Editor"
"Watermark","Watermark"
"Watermark Default Size","Watermark Default Size"
"Watermark Opacity, Percent","Watermark Opacity, Percent"
"Watermark Position","Watermark Position"
"We Also Recommend","توصیه ما"
"Website","وب سایت"
"Websites","وب سایت ها"
"What's this?","What's this?"
"Whether to show ""All"" option in the ""Show X Per Page"" dropdown.","Whether to show ""All"" option in the ""Show X Per Page"" dropdown."
"Will make search for the query above return results for this search.","Will make search for the query above return results for this search."
"Wrong BuyRequest instance in options group.","Wrong BuyRequest instance in options group."
"Wrong configuration item instance in options group.","Wrong configuration item instance in options group."
"Wrong configuration item option instance in options group.","Wrong configuration item option instance in options group."
"Wrong option instance type in options group.","Wrong option instance type in options group."
"Wrong option type to get group instance.","Wrong option type to get group instance."
"Wrong product instance type in options group.","Wrong product instance type in options group."
"Wrong product type filter specified","Wrong product type filter specified"
"Wrong product type to extract configurable options.","Wrong product type to extract configurable options."
"Year Range","Year Range"
"Yes","بلی"
"You cannot remove system attribute from this set.","You cannot remove system attribute from this set."
"You have no items to compare.","شما محصولی برای مقایسه ندارید."
"You may also be interested in the following product(s)","شما شاید به محصولات زیر نیز علاقه مند باشید"
"Zoom In","بزرگنمایی"
"Zoom Out","کوچکنمایی"
"and","و"
"and above","and above"
"categories","categories"
"each","each"
"ex. http://domain.com","ex. http://domain.com"
"leave blank if its not an image","leave blank if its not an image"
"per page","کالا در هر صفحه"
"products","محصولات"
"px.","px."
"save","ذخیره کردن"
"select all","انتخاب همه"
"unselect all","عدم انتخاب همه"
"x","x"
